,fluxes,reduced_costs
[M]_PRO_PROTON_vc,0.0,2.000000000000225
[B]_PRO_PROTON_vc,0.0,-0.6666666666666589
[M]_Ca_tx,0.0,-21.390374331550806
[B]_Ca_tx,1.086226749016153,-2.0
[M]_H2O_xc,8.570019236312309,-1.999999999999999
[B]_H2O_xc,0.0,-2.0000000000000004
[M]_sCIT_biomass,-0.060872865182695995,1.9999999999999432
[B]_sCIT_biomass,0.0,2.0
[M]_ACETYLGLUTKIN_RXN_p,0.05740778399197851,-1.9999999999999716
[B]_ACETYLGLUTKIN_RXN_p,0.0,12.974427749984955
[M]_2KG_OAA_mc,-5.9178069921245226e-18,-1.999999999999934
[B]_2KG_OAA_mc,-1.8640462452276775e-33,-2.0000000000000306
[M]_LEUCINE_TRNA_LIGASE_RXN_c,0.08295882402281061,-1.999999999999929
[B]_LEUCINE_TRNA_LIGASE_RXN_c,0.0,8.691423186975742
[M]_DIAMINOPIMDECARB_RXN_p,0.059192731242008634,-1.9999999999999076
[B]_DIAMINOPIMDECARB_RXN_p,0.0,19.589233238731794
[M]_ASPARTATE_TRNA_LIGASE_RXN_c,0.05637421552755237,-2.0000000000000426
[B]_ASPARTATE_TRNA_LIGASE_RXN_c,0.0,8.691423186975705
[M]_F16ALDOLASE_RXN_p,-13.168951446271912,2.000000000000016
[B]_F16ALDOLASE_RXN_p,0.0,2.000000000000034
[M]_RXN_7978_p,0.0,30.56907695415136
[B]_RXN_7978_p,0.0,11.79165603901183
[M]_Photon_tx,343.14802641178903,-2.0
[B]_Photon_tx,0.0,-2.0
[M]_2_METHYL_ACETO_ACETYL_COA_xc,-2.4537680788285384e-17,-2.0000000000000306
[B]_2_METHYL_ACETO_ACETYL_COA_xc,0.0,-1.999999999999991
[M]_F16ALDOLASE_RXN_c,-0.032447001543039526,1.9999999999998799
[B]_F16ALDOLASE_RXN_c,0.0,0.14601959381423768
[M]_RXN_9532_p,0.1779998505524507,-1.9999999999999076
[B]_RXN_9532_p,1.1458089476033017e-16,-1.9999999999999947
[M]_RXN_5642_c,-8.530843568463393e-15,-1.9999999999999998
[B]_RXN_5642_c,0.0,-2.0
[M]_L_ASCORBATE_PEROXIDASE_RXN_p,0.0,1.1324274851176597e-14
[B]_L_ASCORBATE_PEROXIDASE_RXN_p,0.0,-2.0
[M]_L_ASCORBATE_PEROXIDASE_RXN_m,0.0,-2.0000000000000058
[B]_L_ASCORBATE_PEROXIDASE_RXN_m,0.0,-2.0
[M]_SER_PROTON_vc,0.0,2.000000000000021
[B]_SER_PROTON_vc,0.0,-0.6666666666666777
[M]_PYRUVATE_PROTON_mc,-0.44549861989592127,2.0000000000000244
[B]_PYRUVATE_PROTON_mc,0.0,-1.9999999999999976
[M]_NADH_DEHYDROG_A_RXN_mi,5.442733891772838,-2.0000000000001705
[B]_NADH_DEHYDROG_A_RXN_mi,0.0,1.4454006968290085
[M]_L_ALPHA_ALANINE_PROTON_vc,0.0,1.9999999999999951
[B]_L_ALPHA_ALANINE_PROTON_vc,0.0,-0.6666666666666473
[M]_NADH_DEHYDROG_A_RXN_mc,0.0,10.721611714588104
[B]_NADH_DEHYDROG_A_RXN_mc,0.0,-0.21033855113449795
[M]_ACETYL_COA_ACETYLTRANSFER_RXN_x,0.0,-2.0
[B]_ACETYL_COA_ACETYLTRANSFER_RXN_x,0.0,-1.9999999999999858
[M]_pTHR_biomass,-0.047680172591442166,1.999999999999801
[B]_pTHR_biomass,0.0,1.999999999999993
[M]_Starch_biomass,-0.17020401092774737,2.0
[B]_Starch_biomass,0.0,2.0
[M]_MAL_Pi_mc,2.2086226596068253e-15,-2.000000000000011
[B]_MAL_Pi_mc,-1.5823013347926533e-17,-1.9999999999999971
[M]_ALANINE_GLYOXYLATE_AMINOTRANSFERASE_RXN_x,0.0,-1.9999999999999858
[B]_ALANINE_GLYOXYLATE_AMINOTRANSFERASE_RXN_x,0.0,3.999999999999978
[M]_RXN_9663_p,0.17799985055245063,-1.9999999999999076
[B]_RXN_9663_p,1.4180724997793614e-16,-1.9999999999999947
[M]_H_pc,0.0,2.220446049250313e-14
[B]_H_pc,0.0,-1.8070871493627103
[M]_H_mc,4.0548875251934104,-2.0
[B]_H_mc,0.0,-0.4474153622163729
[M]_2_METHYL_3_HYDROXY_BUTYRYL_COA_mc,-1.7194989912047605e-17,-1.999999999999933
[B]_2_METHYL_3_HYDROXY_BUTYRYL_COA_mc,0.0,2.0000000000000133
[M]_RIBULOSE_BISPHOSPHATE_CARBOXYLASE_RXN_p,25.710057708936937,-1.9999999999998437
[B]_RIBULOSE_BISPHOSPHATE_CARBOXYLASE_RXN_p,9.873488479393742e-16,-2.0
[M]_IGPSYN_RXN_p,0.0,-1.9999999999999645
[B]_IGPSYN_RXN_p,0.0,282.5323497409314
[M]_5_METHYL_THF_pc,0.0,2.000000000000004
[B]_5_METHYL_THF_pc,0.0,-2.0000000000000004
[M]_ASN_PROTON_vc,0.0,2.0000000000000493
[B]_ASN_PROTON_vc,0.0,-0.6666666666666691
[M]_WATER_vc,0.0,1.999999999999999
[B]_WATER_vc,0.0,1.9999999999999998
[M]_RXN_9652_p,0.1779998505524507,-2.000000000000135
[B]_RXN_9652_p,1.8769303908067057e-16,-1.9999999999999911
[M]_FUMHYDR_RXN_m,0.0,-1.999999999999891
[B]_FUMHYDR_RXN_m,0.0,-2.0000000000000013
[M]_RXN0_884_p,8.179226929428461e-18,-1.9999999999999574
[B]_RXN0_884_p,0.0,-1.9999999999999964
[M]_HS_pc,0.0,2.000000000000007
[B]_HS_pc,0.0,2.0
[M]_FUMHYDR_RXN_c,0.07427727086717807,-1.999999999999975
[B]_FUMHYDR_RXN_c,0.0,-0.7480000000000036
[M]_GLUTAMINE_TRNA_LIGASE_RXN_c,0.06795205492421645,-2.0000000000001563
[B]_GLUTAMINE_TRNA_LIGASE_RXN_c,0.0,8.69142318697569
[M]_ALANINE_AMINOTRANSFERASE_RXN_m,0.0,9.725553695716371e-14
[B]_ALANINE_AMINOTRANSFERASE_RXN_m,0.0,-2.3869795029440866e-14
[M]_Nitrate_ec,0.0,-2.000000000000014
[B]_Nitrate_ec,9.38297295605226,-2.0
[M]_GLYCOGENSYN_RXN_p,0.1702040109277474,-1.9999999999999716
[B]_GLYCOGENSYN_RXN_p,0.0,-2.0
[M]_NITRATE_vc,0.0,-2.0
[B]_NITRATE_vc,0.0,-2.0000000000000018
[M]_RXN_1841_v,0.0,42.26556924527066
[B]_RXN_1841_v,0.0,14.86299478219876
[M]_ALANINE_AMINOTRANSFERASE_RXN_x,0.0,-7.72715225139109e-14
[B]_ALANINE_AMINOTRANSFERASE_RXN_x,0.0,2.0000000000000027
[M]_MALSYN_RXN_x,0.0,107.06607082744114
[B]_MALSYN_RXN_x,0.0,28.549994461071236
[M]_MYO_INOSITOL_1OR_4_MONOPHOSPHATASE_RXN_c,0.0,-2.0000000000000213
[B]_MYO_INOSITOL_1OR_4_MONOPHOSPHATASE_RXN_c,0.0,-0.8708111306186178
[M]_ORNITHINE_CITRULLINE_pc,0.0,2.0000000000001044
[B]_ORNITHINE_CITRULLINE_pc,0.0,1.9999999999999643
[M]_RXN0_2301_m,0.0,-1.999999999999968
[B]_RXN0_2301_m,0.0,-2.0000000000000027
[M]_GLT_xc,-4.211795624036194,1.9999999999999534
[B]_GLT_xc,0.0,1.9999999999999765
[M]_pGLU_biomass,-0.06795205492421645,2.0000000000000284
[B]_pGLU_biomass,0.0,1.9999999999999787
[M]_UREASE_RXN_c,0.0,111.17988621827124
[B]_UREASE_RXN_c,0.0,20.277807998383842
[M]_ALANINE_AMINOTRANSFERASE_RXN_c,-0.21034158581711512,1.9999999999999802
[B]_ALANINE_AMINOTRANSFERASE_RXN_c,0.0,-0.373999999999995
[M]_DIAMINOPIMEPIM_RXN_p,0.05919273124200863,-2.0
[B]_DIAMINOPIMEPIM_RXN_p,0.0,-2.0000000000000284
[M]_sFUM_biomass,-0.0013138017100326174,2.0
[B]_sFUM_biomass,0.0,2.0
[M]_GLURS_RXN_c,0.06795205492421647,-2.0000000000001563
[B]_GLURS_RXN_c,0.0,9.439423186975652
[M]_ISOBUTYRYL_COA_xc,8.179226929428463e-18,-1.9999999999999973
[B]_ISOBUTYRYL_COA_xc,0.0,1.9999999999999867
[M]_2K_ADIPATE_mc,0.0,2.0000000000000027
[B]_2K_ADIPATE_mc,0.0,2.0000000000000084
[M]_GABATRANSAM_RXN_m,0.0,-2.0
[B]_GABATRANSAM_RXN_m,0.0,-1.9999999999999858
[M]_1_ACYLGLYCEROL_3_P_ACYLTRANSFER_RXN_p,0.0,-1.9999999999999432
[B]_1_ACYLGLYCEROL_3_P_ACYLTRANSFER_RXN_p,0.0,-1.999999999999993
[M]_GLY_PROTON_rev_vc,0.0,2.000000000000063
[B]_GLY_PROTON_rev_vc,0.0,-0.6666666666666528
[M]_THREDEHYD_RXN_p,0.03806985846737046,-1.9999999999998295
[B]_THREDEHYD_RXN_p,0.0,-1.9999999999999716
[M]_MANNPISOM_RXN_c,0.0,-2.0000000000000466
[B]_MANNPISOM_RXN_c,0.0,-1.1219999999999535
[M]_ATP_pc,-2.3576321619683312e-14,-2.000000000000052
[B]_ATP_pc,-1.9861571307456174e-31,2.0
[M]_PROPCOASYN_RXN_x,0.0,-1.9999999999999574
[B]_PROPCOASYN_RXN_x,0.0,2.8940195938143707
[M]_OAA_Pi_mc,0.0,-0.11381539082960901
[B]_OAA_Pi_mc,1.5823013347926533e-17,-2.0000000000000058
[M]_ACSERLY_RXN_c,0.0,-1.999999999999961
[B]_ACSERLY_RXN_c,0.0,-2.0000000000000355
[M]_ACETOOHBUTSYN_RXN_p,0.03806985846737047,-2.000000000000135
[B]_ACETOOHBUTSYN_RXN_p,0.0,-1.9999999999999911
[M]_2_ISOPROPYLMALATESYN_RXN_p,0.08295882402281063,-1.9999999999999716
[B]_2_ISOPROPYLMALATESYN_RXN_p,0.0,-1.9999999999999911
[M]_3_ISOPROPYLMALISOM_RXN_p,0.08295882402281063,-2.000000000000062
[B]_3_ISOPROPYLMALISOM_RXN_p,0.0,-2.000000000000014
[M]_4_AMINO_BUTYRATE_PROTON_rev_vc,0.0,2.000000000000205
[B]_4_AMINO_BUTYRATE_PROTON_rev_vc,0.0,-0.6666666666666582
[M]_GLUC1PADENYLTRANS_RXN_p,0.1702040109277474,-1.999999999999968
[B]_GLUC1PADENYLTRANS_RXN_p,0.0,13.738289351974107
[M]_ACONITATEHYDR_RXN_c,0.0,-2.00000000000006
[B]_ACONITATEHYDR_RXN_c,0.0,-1.495999999999996
[M]_PROTONATP_rev_vc,0.0,16.132784622635086
[B]_PROTONATP_rev_vc,0.0,10.951516984913777
[M]_MALTODEXGLUCOSID_RXN_p,0.0,30.26556924526959
[B]_MALTODEXGLUCOSID_RXN_p,0.0,-2.000000000000014
[M]_PGLYCDEHYDROG_RXN_p,0.0,2.000000000000009
[B]_PGLYCDEHYDROG_RXN_p,2.0389337479857088e-16,1.9999999999999996
[M]_ACETOOHBUTREDUCTOISOM_RXN_p,0.03806985846737047,-1.999999999999993
[B]_ACETOOHBUTREDUCTOISOM_RXN_p,0.0,19.963233238731753
[M]_THR_PROTON_rev_vc,0.0,2.000000000000159
[B]_THR_PROTON_rev_vc,0.0,-0.6666666666666761
[M]_ACSERLY_RXN_p,0.02508676648636381,-1.9999999999998295
[B]_ACSERLY_RXN_p,0.0,-1.9999999999999716
[M]_Beta_Oxidation_x,0.0,133.18683094326178
[B]_Beta_Oxidation_x,0.0,-2.0
[M]_RXN_9661_p,0.17799985055245066,-1.9999999999999076
[B]_RXN_9661_p,1.836718168914213e-16,-2.000000000000007
[M]_ACONITATEHYDR_RXN_m,0.3846257547132254,-1.9999999999999962
[B]_ACONITATEHYDR_RXN_m,0.0,-1.9999999999999916
[M]_RXN_6883_mi,0.0,15.039012320743307
[B]_RXN_6883_mi,0.0,1.6332953039790732
[M]_H_tx,0.0,-2.0
[B]_H_tx,0.0,34.97435137907029
[M]_GLUTARYL_COA_DEHYDROG_RXN_m,0.0,-2.0000000000000817
[B]_GLUTARYL_COA_DEHYDROG_RXN_m,0.0,1.9718877096828518
[M]_PRPPAMIDOTRANS_RXN_p,0.0,4848.683885625774
[B]_PRPPAMIDOTRANS_RXN_p,0.0,929.8991985260767
[M]_lycopene_biosynthesis_p,0.0,-1.999999999999531
[B]_lycopene_biosynthesis_p,0.0,-2.000000000000057
[M]_1_PERIOD_5_PERIOD_1_PERIOD_8_RXN_c,0.0,-2.000000000000199
[B]_1_PERIOD_5_PERIOD_1_PERIOD_8_RXN_c,0.0,0.6498730442956109
[M]_RXN_6883_mc,0.0,21.67674215331702
[B]_RXN_6883_mc,0.0,7.500892870127476
[M]_RXN_13202_p,0.0,8.132784622635054
[B]_RXN_13202_p,0.0,19.6767138150457
[M]_RXN_9650_p,0.17799985055245077,-2.0000000000000213
[B]_RXN_9650_p,3.7538607816134113e-16,-2.0000000000000053
[M]_DHAP_Pi_pc,0.0,-2.0000000000002554
[B]_DHAP_Pi_pc,0.0,-0.3740000000000635
[M]_H_im,0.0,2.839835386790563
[B]_H_im,0.0,0.6055492173298496
[M]_CDPKIN_RXN_p,-3.2716907717713864e-17,1.999999999999984
[B]_CDPKIN_RXN_p,0.0,1.9999999999999856
[M]_H2O_pc,-20.554965855027802,1.9999999999999991
[B]_H2O_pc,-8.792716206430958e-16,-1.9999999999999996
[M]_RXN_7703_c,2.307703845782576e-15,-2.000000000000007
[B]_RXN_7703_c,1.350563784241203e-15,-1.9999999999999978
[M]_CDPKIN_RXN_m,0.0,124.77397854890036
[B]_CDPKIN_RXN_m,0.0,29.851246995884367
[M]_OAA_ISOCITRATE_mc,-0.38462575471322535,1.9999999999999614
[B]_OAA_ISOCITRATE_mc,0.0,1.9999999999999944
[M]_3PGAREARR_RXN_p,0.1564695478862272,-2.000000000000039
[B]_3PGAREARR_RXN_p,0.0,-0.9290871493627253
[M]_RXN_14903_m,2.9589034960622617e-18,-1.9999999999997868
[B]_RXN_14903_m,-1.5823013347926533e-17,-2.000000000000007
[M]_FGAMSYN_RXN_p,0.0,-1.999999999999801
[B]_FGAMSYN_RXN_p,0.0,-2.0000000000000426
[M]_2_METHYL_3_HYDROXY_BUTYRYL_COA_xc,2.4537680788285387e-17,1.9999999999998639
[B]_2_METHYL_3_HYDROXY_BUTYRYL_COA_xc,0.0,-1.999999999999991
[M]_ASN_PROTON_rev_vc,0.0,-1.9999999999999787
[B]_ASN_PROTON_rev_vc,0.0,-1.9999999999999964
[M]_ISOCITRATE_DEHYDROGENASE_NAD_RXN_m,0.0,12.01896923180555
[B]_ISOCITRATE_DEHYDROGENASE_NAD_RXN_m,0.0,2.146019593814225
[M]_1TRANSKETO_RXN_p,11.401762829246726,-1.9999999999999838
[B]_1TRANSKETO_RXN_p,0.0,0.7479999999999287
[M]_Sucrose_tx,0.0,-2261.5989976937444
[B]_Sucrose_tx,0.0,-387.15595742093114
[M]_ADP_pc,0.0,1.000000000000238
[B]_ADP_pc,0.0,1.9999999999999751
[M]_RXN_9536_p,0.17799985055245066,-1.9999999999998792
[B]_RXN_9536_p,1.1458089476033017e-16,-1.999999999999968
[M]_GAP_Pi_pc,3.5710653971338826,-2.0000000000000258
[B]_GAP_Pi_pc,1.7708043210801777e-15,2.0000000000000098
[M]_3_HYDROXYISOBUTYRATE_DEHYDROGENASE_RXN_m,0.0,-1.9999999999999787
[B]_3_HYDROXYISOBUTYRATE_DEHYDROGENASE_RXN_m,0.0,-1.9999999999999982
[M]_4_HYDROXYPHENYLPYRUVATE_DIOXYGENASE_RXN_c,0.0,-1.999999999999858
[B]_4_HYDROXYPHENYLPYRUVATE_DIOXYGENASE_RXN_c,0.0,-1.7659687171714002
[M]_MANNOSE_6_PHOSPHATE_6_REDUCTASE_RXN_c,4.293209885761842,-2.0
[B]_MANNOSE_6_PHOSPHATE_6_REDUCTASE_RXN_c,0.0,3.0724655068383804
[M]_MAL_ISOCITRATE_mc,0.0,0.11381539082953873
[B]_MAL_ISOCITRATE_mc,0.0,1.9999999999999944
[M]_RXN_12541_c,0.0,35.050850817101015
[B]_RXN_12541_c,0.0,5.058509102797882
[M]_sALA_biomass,-0.10506090798752825,2.0
[B]_sALA_biomass,0.0,2.0
[M]_LYS_PROTON_vc,0.0,2.0000000000002554
[B]_LYS_PROTON_vc,0.0,-0.6666666666666685
[M]_IMPCYCLOHYDROLASE_RXN_p,0.018183288585232178,-1.9999999999999485
[B]_IMPCYCLOHYDROLASE_RXN_p,0.0,-2.0
[M]_FERREDOXIN_NITRITE_REDUCTASE_RXN_p,1.7546159427817722,-2.000000000000057
[B]_FERREDOXIN_NITRITE_REDUCTASE_RXN_p,0.0,23.22884734457608
[M]_ASPARTATEKIN_RXN_p,0.6412034021289449,-1.999999999999627
[B]_ASPARTATEKIN_RXN_p,0.0,-1.9999999999999964
[M]_RXN_9523_p,0.0,-4.030109579389318e-14
[B]_RXN_9523_p,0.0,-1.5987211554602254e-14
[M]_MALTODEG_RXN_c,0.0,-2.0000000000000164
[B]_MALTODEG_RXN_c,0.0,2.000000000000016
[M]_ARGINASE_RXN_m,-3.4857664785757573e-34,-2.000000000000508
[B]_ARGINASE_RXN_m,1.864046245227678e-33,-2.0000000000000284
[M]_3_DEHYDROQUINATE_DEHYDRATASE_RXN_p,0.09297174609429584,-2.0000000000000426
[B]_3_DEHYDROQUINATE_DEHYDRATASE_RXN_p,0.0,37.59053112350672
[M]_ISOBUTYRYL_COA_mc,0.0,1.999999999999981
[B]_ISOBUTYRYL_COA_mc,0.0,-1.9999999999999976
[M]_RXN_13161_m,0.0,145.8998671517482
[B]_RXN_13161_m,0.0,46.18723159333427
[M]_1_PERIOD_2_PERIOD_1_PERIOD_13_RXN_p,66.10946389347318,-2.000000000000078
[B]_1_PERIOD_2_PERIOD_1_PERIOD_13_RXN_p,0.0,9.230095459434635
[M]_ACETALD_mc,-0.47117387334175975,1.999999999999971
[B]_ACETALD_mc,0.0,1.999999999999993
[M]_GAP_3PGA_pc,1.7357063037738336,-1.9999999999999631
[B]_GAP_3PGA_pc,-2.962046543818123e-15,2.000000000000009
[M]_HOMOSERDEHYDROG_RXN_NADP_p,0.5820106708869361,-1.999999999999993
[B]_HOMOSERDEHYDROG_RXN_NADP_p,0.0,29.055981836960726
[M]_TRP_TRNA_LIGASE_RXN_c,0.0,805.4093085813847
[B]_TRP_TRNA_LIGASE_RXN_c,0.0,158.00237142915188
[M]_2KETO_4METHYL_PENTANOATE_DEHYDROG_RXN_m,0.0,-2.0000000000000213
[B]_2KETO_4METHYL_PENTANOATE_DEHYDROG_RXN_m,0.0,-2.000000000000009
[M]_CYTOCHROME_C_OXIDASE_RXN_mc,0.0,-2.0
[B]_CYTOCHROME_C_OXIDASE_RXN_mc,0.0,22.370770086851447
[M]_1_PERIOD_1_PERIOD_1_PERIOD_178_RXN_x,-2.453768078828539e-17,-2.0000000000001137
[B]_1_PERIOD_1_PERIOD_1_PERIOD_178_RXN_x,0.0,-0.39868417491434494
[M]_CYTOCHROME_C_OXIDASE_RXN_mi,2.721366945886419,-1.9999999999999503
[B]_CYTOCHROME_C_OXIDASE_RXN_mi,0.0,-2.0
[M]_OAA_CIT_mc,-0.060872865182696,1.9999999999999771
[B]_OAA_CIT_mc,0.0,1.9999999999999851
[M]_SUCCINATE_COA_LIGASE_GDP_FORMING_RXN_m,0.0,7.638334409421077e-14
[B]_SUCCINATE_COA_LIGASE_GDP_FORMING_RXN_m,0.0,2.1094237467877974e-15
[M]_RXN_5682_p,0.0,2.0000000000011924
[B]_RXN_5682_p,0.0,-1.9999999999999942
[M]_RIBULP3EPIM_RXN_p,-22.896497404587752,2.000000000000001
[B]_RIBULP3EPIM_RXN_p,-9.873488479393742e-16,2.0000000000000093
[M]_2_PERIOD_3_PERIOD_1_PERIOD_180_RXN_p,0.1779998505524503,-2.0000000000000213
[B]_2_PERIOD_3_PERIOD_1_PERIOD_180_RXN_p,0.0,190.60027251147085
[M]_pILE_biomass,-0.038069858467370474,1.9999999999999147
[B]_pILE_biomass,0.0,2.0000000000000497
[M]_SER_PROTON_rev_vc,0.0,-1.9999999999999787
[B]_SER_PROTON_rev_vc,0.0,-1.9999999999999964
[M]_GGPP_biosynthesis_p,8.179226929428463e-18,-2.0000000000000995
[B]_GGPP_biosynthesis_p,0.0,-2.0000000000000533
[M]_OAA_ACONITATE_mc,0.0,-4.474198789239381e-14
[B]_OAA_ACONITATE_mc,0.0,0.503999999999987
[M]_ADPREDUCT_RXN_p,0.0,-1.9999999999999627
[B]_ADPREDUCT_RXN_p,0.0,-2.000000000000001
[M]_pASP_biomass,-0.05637421552755237,1.9999999999999147
[B]_pASP_biomass,0.0,2.000000000000007
[M]_HOMOSERDEHYDROG_RXN_NAD_p,0.0,2.00000000000038
[B]_HOMOSERDEHYDROG_RXN_NAD_p,0.0,17.825886377526096
[M]_AICARSYN_RXN_p,0.0,-2.0
[B]_AICARSYN_RXN_p,0.0,-2.0
[M]_SERINE_TRNA_LIGASE_RXN_c,0.0841411597649912,-1.999999999999929
[B]_SERINE_TRNA_LIGASE_RXN_c,0.0,9.439423186975702
[M]_H2O_tx,0.0,-25.390374331550802
[B]_H2O_tx,91.73242069661937,-2.0
[M]_TYR_PROTON_vc,0.0,1.9999999999998883
[B]_TYR_PROTON_vc,0.0,-0.666666666666684
[M]_RXN0_5330_NADP_mi,0.0,4.637729832573719
[B]_RXN0_5330_NADP_mi,0.0,7.013617159962547
[M]_SUCROSE_PROTON_vc,0.0,1.9999999999998086
[B]_SUCROSE_PROTON_vc,0.0,-0.6666666666666776
[M]_CDPREDUCT_RXN_p,0.0,-2.0000000000000036
[B]_CDPREDUCT_RXN_p,0.0,-2.0000000000000018
[M]_GLYCOLLATE_pc,4.196455819100074,-2.000000000000004
[B]_GLYCOLLATE_pc,0.0,1.9999999999999991
[M]_PYRUVATEORTHOPHOSPHATE_DIKINASE_RXN_p,1.5327108939149825,-2.000000000000057
[B]_PYRUVATEORTHOPHOSPHATE_DIKINASE_RXN_p,0.0,14.844269758160067
[M]_3PGA_Pi_pc,0.0,-1.3877787807814457e-14
[B]_3PGA_Pi_pc,0.0,-1.1657341758564144e-14
[M]_PYRROLINECARBDEHYDROG_RXN_NADP_m,-2.9589034960622624e-18,-1.9999999999999503
[B]_PYRROLINECARBDEHYDROG_RXN_NADP_m,0.0,-1.9999999999999893
[M]_MET_PROTON_rev_vc,0.0,2.000000000000138
[B]_MET_PROTON_rev_vc,0.0,-0.6666666666666624
[M]_CATAL_RXN_x,4.285009618156154,-1.9999999999999964
[B]_CATAL_RXN_x,0.0,-2.0
[M]_sGLU_biomass,-0.073208325348525,2.0
[B]_sGLU_biomass,0.0,2.000000000000014
[M]_IMP_DEHYDROG_RXN_c,0.0,-1.9999999999999005
[B]_IMP_DEHYDROG_RXN_c,0.0,2.6795982644958025
[M]_AMPSYN_RXN_p,0.018183288585232178,-2.000000000000057
[B]_AMPSYN_RXN_p,0.0,-1.9999999999999822
[M]_RXN_9654_p,0.17799985055245063,-2.0000000000003055
[B]_RXN_9654_p,1.8769303908067057e-16,-1.9999999999999627
[M]_RIBULP3EPIM_RXN_c,0.0,-1.9999999999999474
[B]_RIBULP3EPIM_RXN_c,0.0,-0.3739999999999838
[M]_PYRUVATEORTHOPHOSPHATE_DIKINASE_RXN_c,0.0,5.999999999999886
[B]_PYRUVATEORTHOPHOSPHATE_DIKINASE_RXN_c,0.0,7.513641855051514
[M]_MALATE_DEHYDROGENASE_NADP_RXN_p,0.24741060884595897,-1.999999999999993
[B]_MALATE_DEHYDROGENASE_NADP_RXN_p,0.0,12.477763168884351
[M]_SUCCINATE_SEMIALDEHYDE_DEHYDROGENASE_RXN_m,0.0,99.65784189063837
[B]_SUCCINATE_SEMIALDEHYDE_DEHYDROGENASE_RXN_m,0.0,24.49279020076269
[M]_DADPKIN_RXN_p,0.0,-1.999999999999968
[B]_DADPKIN_RXN_p,0.0,-1.9999999999999964
[M]_HOMOGENTISATE_12_DIOXYGENASE_RXN_c,0.0,-2.00000000000007
[B]_HOMOGENTISATE_12_DIOXYGENASE_RXN_c,0.0,-0.06698369850172436
[M]_CYS_mc,0.0,1.99999999999994
[B]_CYS_mc,0.0,1.9999999999999978
[M]_RXN0_5330_NADP_mc,-2.958903496062262e-18,-2.000000000000014
[B]_RXN0_5330_NADP_mc,0.0,1.1460195938141402
[M]_2_PERIOD_7_PERIOD_7_PERIOD_13_RXN_c,0.0,22.132784622635292
[B]_2_PERIOD_7_PERIOD_7_PERIOD_13_RXN_c,0.0,9.513641855051493
[M]_NITRITE_pc,1.7546159427817725,-1.9999999999999858
[B]_NITRITE_pc,0.0,-2.0
[M]_ACONITATEDEHYDR_RXN_m,0.3846257547132254,-1.999999999999992
[B]_ACONITATEDEHYDR_RXN_m,0.0,1.252000000000031
[M]_DIACYLGLYCEROL_pr,0.0,2.0
[B]_DIACYLGLYCEROL_pr,0.0,2.0
[M]_SUC_SO4_mc,0.0,0.1138153908295424
[B]_SUC_SO4_mc,0.0,1.9999999999999962
[M]_sMAL_biomass,-0.09917523754203958,2.0000000000000284
[B]_sMAL_biomass,0.0,1.9999999999999964
[M]_HOMOCYSMETB12_RXN_p,0.0,-2.000000000000451
[B]_HOMOCYSMETB12_RXN_p,0.0,23.27955635378906
[M]_TRIOSEPISOMERIZATION_RXN_c,0.0,-2.000000000000204
[B]_TRIOSEPISOMERIZATION_RXN_c,0.0,-0.37400000000009137
[M]_2KETO_3METHYLVALERATE_RXN_m,-1.4012037414804722e-17,-2.0000000000000213
[B]_2KETO_3METHYLVALERATE_RXN_m,0.0,-2.000000000000007
[M]_RXN_3522_p,0.0,-2.000000000000007
[B]_RXN_3522_p,0.0,14.165656039011829
[M]_ACONITATEDEHYDR_RXN_c,0.0,-1.999999999999837
[B]_ACONITATEDEHYDR_RXN_c,0.0,0.7480000000000233
[M]_HISTIDINE_TRNA_LIGASE_RXN_c,0.018183288585232174,-2.0000000000001563
[B]_HISTIDINE_TRNA_LIGASE_RXN_c,0.0,8.691423186975562
[M]_TRIOSEPISOMERIZATION_RXN_p,24.684532637314224,-1.9999999999999667
[B]_TRIOSEPISOMERIZATION_RXN_p,0.0,2.0000000000000067
[M]_MANNPGUANYLTRANGDP_RXN_c,0.0,-2.0000000000000213
[B]_MANNPGUANYLTRANGDP_RXN_c,0.0,-2.000000000000007
[M]_O2_ec,-24.66495021473777,2.0000000000000004
[B]_O2_ec,0.0,2.0
[M]_Protein_Polymerisation_c,0.9793322323427334,-2.0000000000001137
[B]_Protein_Polymerisation_c,0.0,13.78803918762856
[M]_RXN0_5224_c,1.14794483786716,-2.000000000000003
[B]_RXN0_5224_c,0.9284000000000028,-2.000000000000002
[M]_4_PERIOD_2_PERIOD_1_PERIOD_61_RXN_p,0.17799985055245063,-1.9999999999999485
[B]_4_PERIOD_2_PERIOD_1_PERIOD_61_RXN_p,1.145808947603302e-16,-2.0
[M]_Pi_ec,0.0,-2.0000000000000284
[B]_Pi_ec,0.43514096391682894,-1.999999999999993
[M]_1_PERIOD_10_PERIOD_2_PERIOD_2_RXN_mc,0.0,33.676742153317036
[B]_1_PERIOD_10_PERIOD_2_PERIOD_2_RXN_mc,0.0,-2.0
[M]_VAL_PROTON_vc,0.0,1.999999999999985
[B]_VAL_PROTON_vc,0.0,-0.666666666666674
[M]_ADENOSYLHOMOCYSTEINASE_RXN_c,-2.5589067503264223e-14,-2.000000000000086
[B]_ADENOSYLHOMOCYSTEINASE_RXN_c,0.0,-1.9999999999999893
[M]_DIHYDROOROT_RXN_p,4.431476561810504e-18,-2.0000000000000213
[B]_DIHYDROOROT_RXN_p,0.0,-1.9999999999999947
[M]_PRO_GLU_mc,-2.9589034960622613e-18,-1.9999999999996483
[B]_PRO_GLU_mc,-1.864046245227678e-33,1.999999999999997
[M]_1_PERIOD_8_PERIOD_5_PERIOD_1_RXN_m,0.0,-2.0
[B]_1_PERIOD_8_PERIOD_5_PERIOD_1_RXN_m,0.0,-2.0
[M]_2_PERIOD_4_PERIOD_1_PERIOD_111_RXN_c,0.0,40.26556924527016
[B]_2_PERIOD_4_PERIOD_1_PERIOD_111_RXN_c,0.0,10.651661448865516
[M]_RXN0_5224_p,1.2459989538671548,-2.0000000000000053
[B]_RXN0_5224_p,1.2247829287931474e-15,-1.9999999999999982
[M]_PROPIONYL_COA_mc,-2.4537680788285384e-17,-1.9999999999999731
[B]_PROPIONYL_COA_mc,0.0,1.9999999999999944
[M]_1_PERIOD_8_PERIOD_5_PERIOD_1_RXN_p,0.0,-2.0000000000000018
[B]_1_PERIOD_8_PERIOD_5_PERIOD_1_RXN_p,0.0,16.16565603901183
[M]_FRU_PROTON_rev_vc,0.0,2.000000000000273
[B]_FRU_PROTON_rev_vc,0.0,0.6666666666666374
[M]_METHYLGLUTACONYL_COA_HYDRATASE_RXN_m,0.0,-2.0000000000000533
[B]_METHYLGLUTACONYL_COA_HYDRATASE_RXN_m,0.0,-2.0
[M]_RXN0_5224_m,0.0,1.9999999999999933
[B]_RXN0_5224_m,0.0,1.9999999999999996
[M]_DUTP_PYROP_RXN_p,0.0,-2.000000000000071
[B]_DUTP_PYROP_RXN_p,0.0,-1.9999999999999964
[M]_1_PERIOD_10_PERIOD_2_PERIOD_2_RXN_mi,5.442733891772838,-2.0000000000000284
[B]_1_PERIOD_10_PERIOD_2_PERIOD_2_RXN_mi,0.0,-2.0000000000000107
[M]_ALCOHOL_DEHYDROG_RXN_c,0.0,-1.9999999999999818
[B]_ALCOHOL_DEHYDROG_RXN_c,0.0,0.1053158250856765
[M]_pMET_biomass,-0.025086766486338223,2.0000000000000284
[B]_pMET_biomass,0.0,1.999999999999993
[M]_CO2_pc,-24.30350324420727,1.9999999999999998
[B]_CO2_pc,2.3806228966506235e-15,-1.9999999999999998
[M]_RXN_9527_p,0.0,-2.795541576006144e-13
[B]_RXN_9527_p,0.0,-1.5987211554602254e-14
[M]_L_ASPARTATE_xc,0.0,1.9999999999999927
[B]_L_ASPARTATE_xc,0.0,-1.9999999999999998
[M]_sGABA_biomass,-0.022242060448674366,1.9999999999998863
[B]_sGABA_biomass,0.0,2.000000000000014
[M]_Phytol_biosynthesis_p,8.179226929428463e-18,-1.9999999999999147
[B]_Phytol_biosynthesis_p,0.0,-1.9999999999999893
[M]_GDPREDUCT_RXN_p,0.0,-2.000000000000014
[B]_GDPREDUCT_RXN_p,0.0,-1.9999999999999911
[M]_HISTCYCLOHYD_RXN_p,0.018183288585232178,-2.000000000000023
[B]_HISTCYCLOHYD_RXN_p,0.0,-2.0
[M]_RXN_7677_p,0.0,61.13815390830257
[B]_RXN_7677_p,0.0,48.68452869661269
[M]_HIS_CITRULLINE_mc,0.0,9.449108162584707e-13
[B]_HIS_CITRULLINE_mc,0.0,-4.9182879990894435e-14
[M]_DIHYDROXYMETVALDEHYDRAT_RXN_p,0.03806985846737047,-2.0000000000000053
[B]_DIHYDROXYMETVALDEHYDRAT_RXN_p,0.0,-2.0
[M]_S_ADENMETSYN_RXN_c,0.0,305.01674199390277
[B]_S_ADENMETSYN_RXN_c,0.0,49.1649900052942
[M]_SUCCCOASYN_RXN_m,0.0,-1.9999999999999512
[B]_SUCCCOASYN_RXN_m,0.0,-2.000000000000003
[M]_RXN_11832_m,0.0,-1.9999999999999893
[B]_RXN_11832_m,0.0,-2.0000000000000018
[M]_F16BDEPHOS_RXN_c,0.032447001543039526,-1.9999999999999076
[B]_F16BDEPHOS_RXN_c,0.0,0.7712084631956304
[M]_LEU_PROTON_rev_vc,0.0,2.000000000000143
[B]_LEU_PROTON_rev_vc,0.0,-0.6666666666666575
[M]_ALLYSINE_DEHYDROG_RXN_c,0.0,-2.0000000000001137
[B]_ALLYSINE_DEHYDROG_RXN_c,0.0,0.1460195938142066
[M]_Mehler_Reaction_p,0.0,15.284538477075644
[B]_Mehler_Reaction_p,0.0,6.895828019505917
[M]_UREA_mc,-3.4857664785757573e-34,1.999999999999985
[B]_UREA_mc,1.864046245227678e-33,2.000000000000007
[M]_Ca_ec,0.0,-1.9999999999999982
[B]_Ca_ec,1.086226749016153,-2.0
[M]_RXN_11832_p,3.2716907717713864e-17,-2.0000000000000426
[B]_RXN_11832_p,0.0,-2.0000000000000115
[M]_1_PERIOD_2_PERIOD_1_PERIOD_2_RXN_p,0.0,153.21782468188218
[B]_1_PERIOD_2_PERIOD_1_PERIOD_2_RXN_p,0.0,36.22216722608101
[M]_LEU_mc,0.0,2.0000000000001057
[B]_LEU_mc,0.0,2.0000000000000027
[M]_RXN_9516_p,0.0,-2.842170943040401e-14
[B]_RXN_9516_p,0.0,-1.5987211554602254e-14
[M]_F16BDEPHOS_RXN_p,13.168951446271912,-2.0
[B]_F16BDEPHOS_RXN_p,0.0,1.8771888693814716
[M]_sASP_biomass,-0.021616145535115174,2.0
[B]_sASP_biomass,0.0,2.000000000000014
[M]_HOMOCYSMETB12_RXN_c,0.025086766486338223,-2.000000000000064
[B]_HOMOCYSMETB12_RXN_c,0.0,27.279556353789037
[M]_Plastidial_ATP_Synthase_p,39.367166160517435,-1.9999999999998863
[B]_Plastidial_ATP_Synthase_p,0.0,1.6987240913965485
[M]_RXN_6384_x,0.0,-2.0000000000000515
[B]_RXN_6384_x,0.0,-2.000000000000014
[M]_1_PERIOD_2_PERIOD_1_PERIOD_2_RXN_m,0.0,163.10400929105302
[B]_1_PERIOD_2_PERIOD_1_PERIOD_2_RXN_m,0.0,31.724337447109818
[M]_NH3_pc,-4.469687183007608,1.9999999999999782
[B]_NH3_pc,0.0,-1.999999999999997
[M]_ASPARTATE_SEMIALDEHYDE_DEHYDROGENASE_RXN_p,0.6412034021289448,-2.0000000000000213
[B]_ASPARTATE_SEMIALDEHYDE_DEHYDROGENASE_RXN_p,0.0,-2.0000000000000107
[M]_CPD_14927_pc,8.179226929428463e-18,1.9999999999999838
[B]_CPD_14927_pc,0.0,1.9999999999999873
[M]_3_PERIOD_2_PERIOD_1_PERIOD_48_RXN_v,0.0,40.265569245270456
[B]_3_PERIOD_2_PERIOD_1_PERIOD_48_RXN_v,0.0,12.86299478219875
[M]_ATP_ADP_Pi_pc,0.0,-8.000000000000092
[B]_ATP_ADP_Pi_pc,0.0,0.752332290550207
[M]_NADH_KINASE_RXN_c,0.0,4.000000000000037
[B]_NADH_KINASE_RXN_c,0.0,4.138830724432947
[M]_ACETYL_COA_CARBOXYLTRANSFER_RXN_p,1.2459989538671548,-2.000000000000121
[B]_ACETYL_COA_CARBOXYLTRANSFER_RXN_p,1.2247829287931474e-15,-2.0000000000000018
[M]_PHOSPHOGLUCMUT_RXN_p,-0.17020401092774742,1.9999999999999076
[B]_PHOSPHOGLUCMUT_RXN_p,0.0,2.0000000000000027
[M]_RXN_9549_p,0.17799985055245066,-1.99999999999946
[B]_RXN_9549_p,0.0,-2.0000000000000053
[M]_2_METHYL_ACETO_ACETYL_COA_mc,2.4537680788285384e-17,2.00000000000003
[B]_2_METHYL_ACETO_ACETYL_COA_mc,0.0,-1.9999999999999944
[M]_ISOCIT_CLEAV_RXN_x,0.015339804936116648,-1.9999999999999574
[B]_ISOCIT_CLEAV_RXN_x,0.0,-2.0
[M]_LEU_pc,0.08295882402281063,-2.000000000000106
[B]_LEU_pc,0.0,-2.0000000000000324
[M]_3_PERIOD_2_PERIOD_1_PERIOD_48_RXN_c,0.0,36.26556924526974
[B]_3_PERIOD_2_PERIOD_1_PERIOD_48_RXN_c,0.0,7.529661448865373
[M]_MAL_SUC_mc,0.0,-1.1834977442504169e-13
[B]_MAL_SUC_mc,0.0,6.106226635438361e-15
[M]_PEPDEPHOS_RXN_c,0.0,12.132784622635661
[B]_PEPDEPHOS_RXN_c,19.285996500217696,-2.000000000000039
[M]_PEPDEPHOS_RXN_p,0.0,16.132784622635892
[B]_PEPDEPHOS_RXN_p,1.0208895539945763e-15,-1.9999999999999698
[M]_LEU_PROTON_vc,0.0,-1.9999999999999787
[B]_LEU_PROTON_vc,0.0,-2.0000000000000107
[M]_RXN_1781_v,0.0,-2.0000000000001137
[B]_RXN_1781_v,0.0,-2.000000000000014
[M]_THREONINE_TRNA_LIGASE_RXN_c,0.04768017259144217,-2.0000000000003837
[B]_THREONINE_TRNA_LIGASE_RXN_c,0.0,9.439423186975647
[M]_3_HYDROXY_PROPIONATE_mc,0.0,-1.9999999999999898
[B]_3_HYDROXY_PROPIONATE_mc,0.0,2.0000000000000044
[M]_2_METHYLACYL_COA_DEHYDROGENASE_RXN_m,-1.7194989912047602e-17,-1.999999999999968
[B]_2_METHYLACYL_COA_DEHYDROGENASE_RXN_m,0.0,-2.0000000000000027
[M]_6PGLUCONOLACT_RXN_p,0.0,-2.0000000000000284
[B]_6PGLUCONOLACT_RXN_p,0.0,8.195429486229521
[M]_pLYS_biomass,-0.05919273124200862,1.9999999999999147
[B]_pLYS_biomass,0.0,2.0000000000000213
[M]_THREO_DS_ISO_CITRATE_xc,-0.015339804936116655,2.000000000000008
[B]_THREO_DS_ISO_CITRATE_xc,0.0,2.0000000000000058
[M]_CIT_PROTON_vc,0.0,-2.0000000000000107
[B]_CIT_PROTON_vc,0.0,-1.999999999999993
[M]_6PGLUCONOLACT_RXN_c,0.0,-2.000000000000064
[B]_6PGLUCONOLACT_RXN_c,0.0,-2.000000000000025
[M]_DSERDEAM_RXN_c,0.0,18.265569245271156
[B]_DSERDEAM_RXN_c,0.0,4.537661448865743
[M]_LYS_pc,0.05919273124200862,-2.000000000000199
[B]_LYS_pc,0.0,-2.0000000000000058
[M]_CIT_xc,0.0,2.0000000000000266
[B]_CIT_xc,0.0,-2.0000000000000027
[M]_ISOCITDEH_RXN_m,0.0,16.74058094639377
[B]_ISOCITDEH_RXN_m,0.0,-0.999999999999919
[M]_PHE_PROTON_rev_vc,0.0,1.9999999999998337
[B]_PHE_PROTON_rev_vc,0.0,-0.6666666666666693
[M]_GLUTACONYL_COA_mc,0.0,-1.9999999999999971
[B]_GLUTACONYL_COA_mc,0.0,2.0000000000000107
[M]_ARG_PROTON_vc,0.0,2.000000000000057
[B]_ARG_PROTON_vc,0.0,-0.6666666666667047
[M]_RXN_7984_p,0.0,-2.0000000000000018
[B]_RXN_7984_p,0.0,-2.0
[M]_NADPHoxm_tx,0.0,3.3922036762413517
[B]_NADPHoxm_tx,0.0,-1.9999999999999982
[M]_PALMITATE_xc,0.0,1.9999999999997922
[B]_PALMITATE_xc,0.0,1.9999999999998894
[M]_NH3_mc,4.526061398535159,-2.0000000000000444
[B]_NH3_mc,0.0,-2.000000000000005
[M]_PSERTRANSAM_RXN_p,0.0,1.9999999999999971
[B]_PSERTRANSAM_RXN_p,2.0389337479857088e-16,2.0000000000000497
[M]_BRANCHED_CHAINAMINOTRANSFERILEU_RXN_p,-0.03806985846737047,2.0000000000001505
[B]_BRANCHED_CHAINAMINOTRANSFERILEU_RXN_p,0.0,2.000000000000002
[M]_FUM_pc,0.07559107257721069,-1.9999999999999845
[B]_FUM_pc,0.0,-1.9999999999999984
[M]_Ferredoxin_Plastoquinone_Reductase_p,0.0,6.113815390830295
[B]_Ferredoxin_Plastoquinone_Reductase_p,0.0,6.066152390250517
[M]_BRANCHED_CHAINAMINOTRANSFERILEU_RXN_m,-1.7631182909834733e-17,-1.9999999999998463
[B]_BRANCHED_CHAINAMINOTRANSFERILEU_RXN_m,0.0,1.999999999999992
[M]_ISOCITDEH_RXN_x,8.179226929428463e-18,2.0000000000000364
[B]_ISOCITDEH_RXN_x,0.0,2.0000000000000084
[M]_Cellulose_biomass,-1.209595005042713,1.9999999999998863
[B]_Cellulose_biomass,0.0,-682.9061035442804
[M]_RXN_7679_p,0.0,-1.9999999999999858
[B]_RXN_7679_p,0.0,-2.0000000000000036
[M]_3PGAREARR_RXN_c,3.4248000337952518,-1.999999999999965
[B]_3PGAREARR_RXN_c,0.0,-0.3739999999999748
[M]_RXN_9658_p,0.17799985055245077,-2.0000000000000213
[B]_RXN_9658_p,3.673436337828426e-16,-1.999999999999993
[M]_RXN_1826_p,0.0,16.13278462263498
[B]_RXN_1826_p,0.0,-0.8940195938140688
[M]_PHOSPHOGLUCMUT_RXN_c,-1.5040128600031415,2.000000000000127
[B]_PHOSPHOGLUCMUT_RXN_c,0.0,1.1220000000000085
[M]_CYS_TRNA_LIGASE_RXN_c,0.0,1394.5893382005115
[B]_CYS_TRNA_LIGASE_RXN_c,0.0,268.9270369679286
[M]_LCYSDESULF_RXN_c,0.0,-2.000000000000213
[B]_LCYSDESULF_RXN_c,0.0,-1.9999999999999822
[M]_FattyAcid_biomass,-0.1779998505524507,2.0
[B]_FattyAcid_biomass,0.0,1.9999999999999716
[M]_ISOCITDEH_RXN_c,0.19567514977710865,-2.000000000000071
[B]_ISOCITDEH_RXN_c,0.9284000000000003,-1.9999999999999845
[M]_RXN_9514_p,0.17799985055245038,-2.000000000000007
[B]_RXN_9514_p,0.0,-2.0000000000000018
[M]_PEPCARBOXYKIN_RXN_c,0.0,20.132784622635377
[B]_PEPCARBOXYKIN_RXN_c,0.0,12.28485031824713
[M]_ARGSUCCINSYN_RXN_p,0.05740778399197852,-2.000000000000398
[B]_ARGSUCCINSYN_RXN_p,0.0,18.906878067454524
[M]_OAA_SO4_mc,0.0,2.000000000000001
[B]_OAA_SO4_mc,0.0,1.9999999999999902
[M]_CO2_tx,20.000000000000178,-2.0
[B]_CO2_tx,0.0,-4.9354231869756315
[M]_PREPHENATE_TRANSAMINE_RXN_p,0.05479265291264681,-2.0000000000001137
[B]_PREPHENATE_TRANSAMINE_RXN_p,0.0,-2.000000000000057
[M]_CELLULOSE_SYNTHASE_UDP_FORMING_RXN_c,1.209595005042713,-1.9999999999999822
[B]_CELLULOSE_SYNTHASE_UDP_FORMING_RXN_c,0.0,11.52966144886551
[M]_VAL_PROTON_rev_vc,0.0,-1.9999999999999787
[B]_VAL_PROTON_rev_vc,0.0,-1.9999999999999964
[M]_Mg_biomass,-0.1338774468162408,1.9999999999999982
[B]_Mg_biomass,0.0,2.0
[M]_PHOSPHORYL_CHOLINE_mc,0.0,2.0000000000000004
[B]_PHOSPHORYL_CHOLINE_mc,0.0,2.0
[M]_RXN_9660_p,0.1779998505524507,-1.9999999999999076
[B]_RXN_9660_p,1.836718168914213e-16,-2.000000000000007
[M]_DIHYDROPICRED_RXN_NADP_p,0.05919273124200863,-1.9999999999998792
[B]_DIHYDROPICRED_RXN_NADP_p,0.0,9.230095459434661
[M]_RXN_6884_m,0.0,-2.000000000000007
[B]_RXN_6884_m,0.0,-1.999999999999993
[M]_MALONYL_COA_ACP_TRANSACYL_RXN_p,0.1779998505524505,-2.0
[B]_MALONYL_COA_ACP_TRANSACYL_RXN_p,0.0,-1.999999999999993
[M]_SUCROSE_PROTON_rev_vc,0.0,-1.9999999999997513
[B]_SUCROSE_PROTON_rev_vc,0.0,-1.9999999999999822
[M]_O2_mc,-2.7213669458864196,1.9999999999999998
[B]_O2_mc,0.0,2.0
[M]_CIT_ISOCITRATE_mc,0.0,-8.915090887740007e-14
[B]_CIT_ISOCITRATE_mc,0.0,1.5210055437364645e-14
[M]_LYSINE_TRNA_LIGASE_RXN_c,0.05919273124200862,-2.0000000000001563
[B]_LYSINE_TRNA_LIGASE_RXN_c,0.0,8.691423186975722
[M]_SULFATE_ADENYLYLTRANS_RXN_p,0.025086766486363807,-1.999999999999968
[B]_SULFATE_ADENYLYLTRANS_RXN_p,0.0,-2.000000000000006
[M]_H_xc,8.422399339126541e-16,-2.0000000000000027
[B]_H_xc,0.0,-1.999999999999999
[M]_NITRATE_REDUCTASE_NADH_RXN_c,0.0,-1.9999999999999858
[B]_NITRATE_REDUCTASE_NADH_RXN_c,9.38297295605226,-1.9999999999999236
[M]_CO2_xc,2.453768078828539e-17,-2.0000000000000004
[B]_CO2_xc,0.0,-2.0
[M]_THR_PROTON_vc,0.0,-2.0000000000000924
[B]_THR_PROTON_vc,0.0,-1.9999999999999964
[M]_L_CITRULLINE_pc,0.0,1.9999999999999556
[B]_L_CITRULLINE_pc,0.0,2.0000000000000147
[M]_TIGLYLCOA_HYDROXY_RXN_m,-1.7194989912047605e-17,-2.0000000000000533
[B]_TIGLYLCOA_HYDROXY_RXN_m,0.0,-1.9999999999999858
[M]_Glycerate_xc,4.373563417212234,-1.999999999999973
[B]_Glycerate_xc,0.0,-2.0000000000000018
[M]_GLUTATHIONE_PEROXIDASE_RXN_p,0.0,-1.9999999999999947
[B]_GLUTATHIONE_PEROXIDASE_RXN_p,0.0,14.165656039011829
[M]_MEPROPCOA_FAD_RXN_m,0.0,170.8953477412003
[B]_MEPROPCOA_FAD_RXN_m,0.0,-2.0000000000000027
[M]_Mg_ec,0.0,-1.9999999999999982
[B]_Mg_ec,0.7159221754879188,-2.0
[M]_MALIC_NADP_RXN_p,0.0,36.26556924527091
[B]_MALIC_NADP_RXN_p,1.1124275920098865e-15,-1.9999999999999942
[M]_DTMP_mc,0.0,-1.999999999999993
[B]_DTMP_mc,0.0,2.0
[M]_ASPARAGHYD_RXN_c,0.0,36.26556924527065
[B]_ASPARAGHYD_RXN_c,0.0,6.7816614488656235
[M]_3_DEHYDROQUINATE_SYNTHASE_RXN_p,0.09297174609429584,-1.999999999999858
[B]_3_DEHYDROQUINATE_SYNTHASE_RXN_p,0.0,-2.0
[M]_L_ASPARTATE_pc,-0.7167944747061555,1.9999999999999483
[B]_L_ASPARTATE_pc,6.028590121663515e-16,-1.999999999999998
[M]_1_PERIOD_1_PERIOD_1_PERIOD_255_RXN_c,4.293209885761842,-2.0000000000001066
[B]_1_PERIOD_1_PERIOD_1_PERIOD_255_RXN_c,0.0,2.105315825085607
[M]_DHAP_3PGA_pc,0.11381836179558845,-2.0000000000001443
[B]_DHAP_3PGA_pc,0.0,-0.3740000000000522
[M]_MALIC_NADP_RXN_c,0.0,20.132784622635757
[B]_MALIC_NADP_RXN_c,0.0,2.138830724432938
[M]_THF_pc,0.018183288585232178,-2.0000000000000178
[B]_THF_pc,0.0,-2.0
[M]_MANNITOL_1_PHOSPHATASE_RXN_c,4.293209885761842,-1.999999999999929
[B]_MANNITOL_1_PHOSPHATASE_RXN_c,0.0,-1.797403593161303
[M]_pARG_biomass,-0.05740778399197851,1.9999999999999147
[B]_pARG_biomass,0.0,1.999999999999993
[M]_2_PERIOD_1_PERIOD_1_PERIOD_103_RXN_c,-8.530843568463393e-15,-2.0000000000000004
[B]_2_PERIOD_1_PERIOD_1_PERIOD_103_RXN_c,0.0,-1.9832540753745724
[M]_ANTHRANSYN_RXN_p,0.0,2.0000000000000098
[B]_ANTHRANSYN_RXN_p,0.0,1.9999999999999902
[M]_GLY3KIN_RXN_p,4.373563417212234,-1.9999999999990976
[B]_GLY3KIN_RXN_p,0.0,8.698250164346184
[M]_CPD_14927_xc,-8.179226929428463e-18,2.000000000000206
[B]_CPD_14927_xc,0.0,1.999999999999993
[M]_FORMYLTHFDEFORMYL_RXN_p,0.0,-2.0
[B]_FORMYLTHFDEFORMYL_RXN_p,0.0,-2.0
[M]_2_PERIOD_7_PERIOD_7_PERIOD_34_RXN_c,0.0,-2.0000000000002243
[B]_2_PERIOD_7_PERIOD_7_PERIOD_34_RXN_c,0.0,6.496811130618634
[M]_CYS_PROTON_rev_vc,0.0,2.0000000000001417
[B]_CYS_PROTON_rev_vc,0.0,-0.6666666666666698
[M]_SUCCINATE_DEHYDROGENASE_UBIQUINONE_RXN_mi,0.0,184.34953544738255
[B]_SUCCINATE_DEHYDROGENASE_UBIQUINONE_RXN_mi,0.0,38.34336312866047
[M]_PYRUVDEH_RXN_p,1.0357837551006561,-1.9999999999999925
[B]_PYRUVDEH_RXN_p,1.2247829287931474e-15,-1.9999999999999978
[M]_PYRUVDEH_RXN_m,0.4454986198959213,-1.9999999999999716
[B]_PYRUVDEH_RXN_m,0.0,1.2964919412808085
[M]_O2_pc,31.75813217878035,-2.0
[B]_O2_pc,0.0,2.0
[M]_DCDPKIN_RXN_p,0.0,-1.9999999999999112
[B]_DCDPKIN_RXN_p,0.0,-2.0000000000000107
[M]_UDP_GLUCURONATE_DECARBOXYLASE_RXN_c,0.2619708534173888,-2.000000000000014
[B]_UDP_GLUCURONATE_DECARBOXYLASE_RXN_c,0.0,-1.724126955704262
[M]_RXN0_5330_NAD_c,0.0,0.6077963237586115
[B]_RXN0_5330_NAD_c,0.0,-2.0000000000000067
[M]_RXN0_2381_p,0.0,1.999999999999946
[B]_RXN0_2381_p,0.0,2.0000000000000107
[M]_ORNITHINE_GLU_AMINOTRANSFORASE_RXN_m,-5.9178069921245226e-18,-1.9999999999999256
[B]_ORNITHINE_GLU_AMINOTRANSFORASE_RXN_m,1.8640462452276775e-33,2.000000000000007
[M]_GLYC3PDEHYDROGBIOSYN_RXN_c,0.0,-1.436813769595218
[B]_GLYC3PDEHYDROGBIOSYN_RXN_c,0.4351409639173739,-1.9999999999999911
[M]_SHIKIMATE_KINASE_RXN_p,0.09297174609429582,-2.000000000000064
[B]_SHIKIMATE_KINASE_RXN_p,0.0,-2.000000000000016
[M]_ISOLEUCINE_TRNA_LIGASE_RXN_c,0.03806985846737048,-1.999999999999929
[B]_ISOLEUCINE_TRNA_LIGASE_RXN_c,0.0,9.439423186975652
[M]_GLC_PROTON_rev_vc,0.0,2.000000000000036
[B]_GLC_PROTON_rev_vc,0.0,0.6666666666666516
[M]_METHYLACETOACETYLCOATHIOL_RXN_m,-2.4537680788285387e-17,-1.9999999999998899
[B]_METHYLACETOACETYLCOATHIOL_RXN_m,0.0,0.14601959381429275
[M]_2KG_SUC_mc,0.0,-0.11381539082946202
[B]_2KG_SUC_mc,0.0,-2.0000000000000693
[M]_PHE_PROTON_vc,0.0,-1.999999999999865
[B]_PHE_PROTON_vc,0.0,-2.0000000000000107
[M]_HIS_PROTON_vc,0.0,-2.000000000000135
[B]_HIS_PROTON_vc,0.0,-2.0000000000000284
[M]_RXN_7678_NAD_p,0.0,2.000000000000379
[B]_RXN_7678_NAD_p,0.0,-2.0
[M]_Pi_PROTON_mc,-16.328201675318514,1.9999999999999942
[B]_Pi_PROTON_mc,-8.495868192203958e-34,2.000000000000002
[M]_2KG_ISOCITRATE_mc,0.0,-6.661338147750939e-14
[B]_2KG_ISOCITRATE_mc,0.0,-4.9404924595819466e-14
[M]_GLUTACONYL_COA_xc,0.0,-1.999999999999952
[B]_GLUTACONYL_COA_xc,0.0,1.999999999999993
[M]_pGLY_biomass,-0.047680172591442166,1.9999999999999147
[B]_pGLY_biomass,0.0,1.999999999999993
[M]_1_PERIOD_2_PERIOD_1_PERIOD_25_RXN_m,0.0,-2.0000000000000213
[B]_1_PERIOD_2_PERIOD_1_PERIOD_25_RXN_m,0.0,-1.9999999999999911
[M]_2_PERIOD_7_PERIOD_7_PERIOD_15_RXN_m,0.0,2.0000000000000178
[B]_2_PERIOD_7_PERIOD_7_PERIOD_15_RXN_m,0.0,2.0000000000000093
[M]_GLY_PROTON_vc,0.0,-1.9999999999999787
[B]_GLY_PROTON_vc,0.0,-2.0000000000000107
[M]_INORGPYROPHOSPHAT_RXN_x,-8.17922692942847e-18,-1.9999999999999947
[B]_INORGPYROPHOSPHAT_RXN_x,0.0,-2.0000000000000018
[M]_MALEYLACETOACETATE_ISOMERASE_RXN_c,0.0,-2.0
[B]_MALEYLACETOACETATE_ISOMERASE_RXN_c,0.0,-0.3740000000000131
[M]_PYRROLINECARBREDUCT_RXN_NAD_c,0.0,-2.000000000000128
[B]_PYRROLINECARBREDUCT_RXN_NAD_c,0.0,-1.9999999999999911
[M]_FORMATETHFLIG_RXN_p,0.0,17.1327846226349
[B]_FORMATETHFLIG_RXN_p,0.0,9.549811322801046
[M]_OAA_SUC_mc,0.0,1.8861846091703833
[B]_OAA_SUC_mc,0.0,-6.106226635438361e-15
[M]_OROPRIBTRANS_RXN_p,6.080462704648759e-18,-1.9999999999998614
[B]_OROPRIBTRANS_RXN_p,0.0,-1.9999999999999956
[M]_THF_mc,-0.0432700550715704,1.9999999999999754
[B]_THF_mc,0.0,0.8840561451585266
[M]_MALATE_DEH_RXN_c,-4.828599026337511,1.9999999999999916
[B]_MALATE_DEH_RXN_c,3.6232526807292778,-2.000000000000005
[M]_GLUC1PURIDYLTRANS_RXN_c,1.5040128600031413,-1.9999999999999345
[B]_GLUC1PURIDYLTRANS_RXN_c,0.0,2.000000000000015
[M]_MYO_INOSITOL_OXYGENASE_RXN_c,0.0,-1.9999999999998437
[B]_MYO_INOSITOL_OXYGENASE_RXN_c,0.0,0.28470376872870173
[M]_2_PERIOD_7_PERIOD_7_PERIOD_14_RXN_m,0.0,-1.9999999999999716
[B]_2_PERIOD_7_PERIOD_7_PERIOD_14_RXN_m,0.0,-1.999999999999993
[M]_CYS_PROTON_vc,0.0,-2.0000000000000924
[B]_CYS_PROTON_vc,0.0,-1.9999999999999822
[M]_TRP_pc,0.0,1.9999999999999698
[B]_TRP_pc,0.0,1.999999999999997
[M]_HYDROXYMETHYLGLUTARYL_COA_LYASE_RXN_m,0.0,-2.0
[B]_HYDROXYMETHYLGLUTARYL_COA_LYASE_RXN_m,0.0,-2.000000000000014
[M]_N_ACETYLGLUTPREDUCT_RXN_p,0.057407783991978524,-2.000000000000007
[B]_N_ACETYLGLUTPREDUCT_RXN_p,0.0,-2.0
[M]_ASPAMINOTRANS_RXN_m,0.0,44.648747727730836
[B]_ASPAMINOTRANS_RXN_m,0.0,2.000000000000004
[M]_CIT_ACONITATE_mc,0.0,-2.000000000000172
[B]_CIT_ACONITATE_mc,0.0,-1.4959999999999982
[M]_ASPAMINOTRANS_RXN_p,0.0,44.64874772773076
[B]_ASPAMINOTRANS_RXN_p,2.0389337479857086e-16,2.000000000000003
[M]_MALATE_DEH_RXN_p,0.0,-2.0000000000003806
[B]_MALATE_DEH_RXN_p,0.0,-1.2476677094497242
[M]_SEDOBISALDOL_RXN_p,11.401762829246724,-1.9999999999999432
[B]_SEDOBISALDOL_RXN_p,0.0,3.8771888693813845
[M]_ARGSUCCINLYA_RXN_p,0.05740778399197851,-1.9999999999997495
[B]_ARGSUCCINLYA_RXN_p,0.0,-2.0000000000000457
[M]_1_PERIOD_8_PERIOD_4_PERIOD_9_RXN_p,0.025086766486363807,-2.0000000000001137
[B]_1_PERIOD_8_PERIOD_4_PERIOD_9_RXN_p,0.0,50.67817275582928
[M]_UDPREDUCT_RXN_p,0.0,-2.000000000000062
[B]_UDPREDUCT_RXN_p,0.0,-1.9999999999999964
[M]_ATP_ADP_mc,13.900789078473084,-1.9999999999999674
[B]_ATP_ADP_mc,0.0,-1.9999999999999962
[M]_MALATE_DEH_RXN_m,-2.2086226596068253e-15,-1.999999999999989
[B]_MALATE_DEH_RXN_m,1.582301334792653e-17,-1.999999999999997
[M]_ASPAMINOTRANS_RXN_x,0.0,44.64874772773082
[B]_ASPAMINOTRANS_RXN_x,0.0,1.999999999999982
[M]_INORGPYROPHOSPHAT_RXN_c,1.425109327096656,-1.9999999999999716
[B]_INORGPYROPHOSPHAT_RXN_c,0.0,2.77120846319561
[M]_GLUTATHIONE_REDUCT_NADPH_RXN_m,0.0,-2.0
[B]_GLUTATHIONE_REDUCT_NADPH_RXN_m,0.0,-1.9999999999999982
[M]_GLUTATHIONE_REDUCT_NADPH_RXN_p,0.025086766486363803,-2.0
[B]_GLUTATHIONE_REDUCT_NADPH_RXN_p,0.0,-2.0
[M]_GLYCEROL_3P_pc,-2.2103668284327793e-17,2.0000000000000266
[B]_GLYCEROL_3P_pc,0.0,1.9999999999999922
[M]_GLYCEROL_3P_mc,0.0,1.999999999999938
[B]_GLYCEROL_3P_mc,0.0,1.9999999999999978
[M]_INORGPYROPHOSPHAT_RXN_m,0.0,-2.0000000000000107
[B]_INORGPYROPHOSPHAT_RXN_m,0.0,-2.0
[M]_ASPAMINOTRANS_RXN_c,0.0,44.648747727730736
[B]_ASPAMINOTRANS_RXN_c,-4.55165268072928,1.9999999999999563
[M]_INORGPYROPHOSPHAT_RXN_p,2.31803667231966,-1.9999999999999716
[B]_INORGPYROPHOSPHAT_RXN_p,0.0,-1.9999999999999973
[M]_RXN_9518_p,0.17799985055245082,-1.999999999999993
[B]_RXN_9518_p,4.583235790413208e-16,-2.0000000000000036
[M]_MALATE_DEH_RXN_x,4.373563417212234,-2.000000000000009
[B]_MALATE_DEH_RXN_x,0.0,-1.9999999999999953
[M]_3_HYDROXY_PROPIONATE_xc,0.0,2.0000000000000346
[B]_3_HYDROXY_PROPIONATE_xc,0.0,-2.0000000000000018
[M]_PGLUCISOM_RXN_c,0.0,1.9999999999995104
[B]_PGLUCISOM_RXN_c,0.0,0.37399999999988653
[M]_DIHYDROFOLATEREDUCT_RXN_m,0.0,3239.139483728104
[B]_DIHYDROFOLATEREDUCT_RXN_m,0.0,-2.0000000000000018
[M]_GLC_ec,0.0,-1.9999999999999574
[B]_GLC_ec,0.0,-2.0
[M]_RXN_9520_p,0.17799985055245082,-2.0000000000000053
[B]_RXN_9520_p,4.583235790413208e-16,-2.0
[M]_HEXOKINASE_RXN_MANNOSE_c,4.293209885761842,-2.0
[B]_HEXOKINASE_RXN_MANNOSE_c,0.0,3.6436418550516
[M]_PGLUCISOM_RXN_p,-1.674216870930889,2.000000000000016
[B]_PGLUCISOM_RXN_p,0.0,-1.9999999999999876
[M]_O2_tx,-24.66495021473777,2.0
[B]_O2_tx,0.0,-1.6260000000000003
[M]_DUMP_pc,0.0,-2.000000000000213
[B]_DUMP_pc,0.0,2.0000000000000004
[M]_GLYCERATE_GLYCOLLATE_pc,4.373563417212234,-2.000000000000004
[B]_GLYCERATE_GLYCOLLATE_pc,0.0,1.9999999999999982
[M]_RXN_9653_p,0.17799985055245066,-2.0000000000003055
[B]_RXN_9653_p,1.8769303908067057e-16,-2.0000000000000195
[M]_AMP_pc,3.824887563047362e-15,1.9999999999999731
[B]_AMP_pc,0.0,-1.9839685450051547e-13
[M]_SERINE_O_ACETTRAN_RXN_c,0.0,-1.9999999999998863
[B]_SERINE_O_ACETTRAN_RXN_c,0.0,4.936438168305813
[M]_GPH_RXN_p,8.570019236312309,-1.9999999999999947
[B]_GPH_RXN_p,0.0,-1.9999999999999982
[M]_PYRUVATE_pc,0.0,1.9999999999999432
[B]_PYRUVATE_pc,0.0,1.2476677094497077
[M]_RXN_6902_m,0.0,-2.0
[B]_RXN_6902_m,0.0,-1.9999999999999751
[M]_ILE_pc,0.03806985846737047,-2.0000000000001164
[B]_ILE_pc,0.0,-2.000000000000011
[M]_SUCROSE_PHOSPHATE_SYNTHASE_RXN_c,0.032447001543039526,-1.9999999999998685
[B]_SUCROSE_PHOSPHATE_SYNTHASE_RXN_c,0.0,2.000000000000008
[M]_SERINE_GLYOXYLATE_AMINOTRANSFERASE_RXN_x,4.373563417212234,-1.999999999999929
[B]_SERINE_GLYOXYLATE_AMINOTRANSFERASE_RXN_x,0.0,3.650684174914337
[M]_LYS_ORNITHINE_mc,0.0,-8.200107259881406e-13
[B]_LYS_ORNITHINE_mc,0.0,-0.7479999999999801
[M]_SERINE_O_ACETTRAN_RXN_p,0.025086766486363807,-2.0
[B]_SERINE_O_ACETTRAN_RXN_p,-1.3597822077139858e-31,-2.0000000000000213
[M]_pSER_biomass,-0.08414115976499122,1.999999999999858
[B]_pSER_biomass,0.0,2.0000000000000355
[M]_ACETOLACTREDUCTOISOM_RXN_p,0.15498533379450952,-1.9999999999998224
[B]_ACETOLACTREDUCTOISOM_RXN_p,0.0,-2.0000000000000107
[M]_4_PERIOD_2_PERIOD_1_PERIOD_59_RXN_p,0.17799985055245074,-2.0000000000000053
[B]_4_PERIOD_2_PERIOD_1_PERIOD_59_RXN_p,3.6734363378284265e-16,-2.000000000000014
[M]_DTMPKI_RXN_c,0.0,-2.0000000000000497
[B]_DTMPKI_RXN_c,0.0,-1.999999999999984
[M]_Mitochondrial_ATP_Synthase_m,5.442733891772838,-2.0000000000002416
[B]_Mitochondrial_ATP_Synthase_m,0.0,-0.7990587814427373
[M]_Pi_tx,0.0,-576.3869214587068
[B]_Pi_tx,0.43514096391682894,-2.0
[M]_X5P_Pi_pc,1.8463423456466297e-16,-1.9999999999999907
[B]_X5P_Pi_pc,-9.87348847939374e-16,-2.0000000000000004
[M]_RXN_7737_p,0.05919273124200863,-1.9999999999998508
[B]_RXN_7737_p,0.0,-1.9999999999999947
[M]_Ca_biomass,-0.20312440206602062,2.0
[B]_Ca_biomass,0.0,1.9999999999999998
[M]_SUPEROX_DISMUT_RXN_p,0.0,-1.9999999999999858
[B]_SUPEROX_DISMUT_RXN_p,0.0,-2.0
[M]_RXN_1381_p,1.3893343028869023e-17,-2.000000000000057
[B]_RXN_1381_p,0.0,-2.000000000000007
[M]_Biomass_tx,0.0,5325.9836092648775
[B]_Biomass_tx,0.0,992.3442992370474
[M]_RXN_7800_p,0.08295882402281063,-2.0000000000000213
[B]_RXN_7800_p,0.0,-2.0000000000000053
[M]_SUC_xc,0.015339804936116658,-2.0000000000000204
[B]_SUC_xc,0.0,-0.7479999999999052
[M]_THREONINE_ALDOLASE_RXN_c,0.4711738733417598,-1.9999999999999716
[B]_THREONINE_ALDOLASE_RXN_c,0.0,-1.251999999999955
[M]_SUPEROX_DISMUT_RXN_c,0.0,-2.0000000000000284
[B]_SUPEROX_DISMUT_RXN_c,0.0,2.048592462542743
[M]_sSUCROSE_biomass,-0.032447001543039526,2.0
[B]_sSUCROSE_biomass,0.0,2.0000000000000284
[M]_DIHYDROPICRED_RXN_NAD_p,0.0,2.000000000000579
[B]_DIHYDROPICRED_RXN_NAD_p,0.0,-1.9999999999999787
[M]_ADENYL_KIN_RXN_c,0.0,-2.4080737404119645e-13
[B]_ADENYL_KIN_RXN_c,0.0,2.7977620220553945e-14
[M]_GAPOXNPHOSPHN_RXN_c,0.03653420022723126,-1.9999999999999185
[B]_GAPOXNPHOSPHN_RXN_c,6.194861239240357,-2.0000000000000253
[M]_RXN_9531_p,0.0,-2.1083135237631723e-13
[B]_RXN_9531_p,0.0,3.885780586188048e-15
[M]_RXN_7979_p,0.0,30.56907695415136
[B]_RXN_7979_p,0.0,11.79165603901183
[M]_3_ISOPROPYLMALDEHYDROG_RXN_p,0.08295882402281063,-1.9999999999999716
[B]_3_ISOPROPYLMALDEHYDROG_RXN_p,0.0,24.87032664867914
[M]_ILE_mc,1.7631182909834733e-17,2.0000000000001164
[B]_ILE_mc,0.0,1.9999999999999956
[M]_GLUTACONYL_COA_DECARBOXYLASE_RXN_x,0.0,90.31159698377832
[B]_GLUTACONYL_COA_DECARBOXYLASE_RXN_x,0.0,9.155586610125528
[M]_GLT_MAL_pc,5.585174426934817,-2.000000000000024
[B]_GLT_MAL_pc,0.0,-1.2476677094497781
[M]_ADENYL_KIN_RXN_p,2.147832661391909,-2.0000000000002336
[B]_ADENYL_KIN_RXN_p,0.0,-2.0000000000000417
[M]_GLUTAMIDOTRANS_RXN_p,0.018183288585232178,-2.0000000000000924
[B]_GLUTAMIDOTRANS_RXN_p,0.0,-2.0000000000000053
[M]_ADENYL_KIN_RXN_m,1.2137062984227147,-1.9999999999999973
[B]_ADENYL_KIN_RXN_m,0.0,-2.000000000000011
[M]_HYDROXYPYRUVATE_REDUCTASE_RXN_NAD_x,4.373563417212234,-2.0
[B]_HYDROXYPYRUVATE_REDUCTASE_RXN_NAD_x,0.0,-2.0000000000000053
[M]_RXN0_1483_c,0.0,29.532624680050755
[B]_RXN0_1483_c,0.0,7.001785740254965
[M]_RXN_5643_c,-8.530843568463393e-15,-2.0
[B]_RXN_5643_c,0.0,-1.9999999999999998
[M]_SUCCINATE_DEHYDROGENASE_UBIQUINONE_RXN_mc,0.0,177.71180561480884
[B]_SUCCINATE_DEHYDROGENASE_UBIQUINONE_RXN_mc,0.0,32.475765562512066
[M]_GAPOXNPHOSPHN_RXN_p,0.05271070439157454,-2.000000000000053
[B]_GAPOXNPHOSPHN_RXN_p,1.1912422227379455e-15,1.9999999999999925
[M]_TRANSALDOL_RXN_p,0.0,-1.929567616798522e-13
[B]_TRANSALDOL_RXN_p,0.0,-2.000000000000022
[M]_MET_PROTON_vc,0.0,-1.9999999999999787
[B]_MET_PROTON_vc,0.0,-2.0000000000000107
[M]_PROPIONYL_COA_xc,2.4537680788285384e-17,1.9999999999999731
[B]_PROPIONYL_COA_xc,0.0,2.0000000000000067
[M]_3_HYDROXBUTYRYL_COA_DEHYDRATASE_RXN_x,0.0,-2.0000000000000515
[B]_3_HYDROXBUTYRYL_COA_DEHYDRATASE_RXN_x,0.0,-2.0
[M]_THRESYN_RXN_p,0.5569239044005725,-1.9999999999999947
[B]_THRESYN_RXN_p,0.0,-2.0000000000000426
[M]_CO2_ec,20.000000000000178,-2.0000000000000004
[B]_CO2_ec,0.0,2.0
[M]_RXN_961_p,8.570019236312309,-2.0000000000006963
[B]_RXN_961_p,0.0,-1.9999999999999858
[M]_PHOSPHORYL_ETHANOLAMINE_mc,0.0,2.0000000000000004
[B]_PHOSPHORYL_ETHANOLAMINE_mc,0.0,2.0
[M]_GART_RXN_p,0.0,-1.9999999999998863
[B]_GART_RXN_p,0.0,-1.9999999999999654
[M]_RXN_9662_p,0.17799985055245063,-1.9999999999999076
[B]_RXN_9662_p,1.836718168914213e-16,-2.000000000000064
[M]_2OXOGLUTARATEDEH_RXN_m,0.0,96.83844004578438
[B]_2OXOGLUTARATEDEH_RXN_m,0.0,13.679228289027694
[M]_ILE_PROTON_vc,0.0,2.0000000000002767
[B]_ILE_PROTON_vc,0.0,-0.6666666666666573
[M]_4_AMINO_BUTYRATE_PROTON_vc,0.0,-2.0000000000000924
[B]_4_AMINO_BUTYRATE_PROTON_vc,0.0,-2.0000000000000107
[M]_HISTIDPHOS_RXN_p,0.01818328858523217,-2.000000000000023
[B]_HISTIDPHOS_RXN_p,0.0,-2.0
[M]_2KG_CIT_mc,0.0,8.126832540256146e-14
[B]_2KG_CIT_mc,0.0,-5.939693181744587e-14
[M]_Mg_tx,0.0,-21.39037433155081
[B]_Mg_tx,0.7159221754879188,-2.0
[M]_FRUCTOKINASE_RXN_c,0.0,22.132784622635302
[B]_FRUCTOKINASE_RXN_c,0.0,9.155661448865708
[M]_HIS_ORNITHINE_mc,0.0,-4.723998969780041e-13
[B]_HIS_ORNITHINE_mc,0.0,-0.7480000000000023
[M]_METHYLACYLYLCOA_HYDROXY_RXN_m,0.0,-1.9999999999999964
[B]_METHYLACYLYLCOA_HYDROXY_RXN_m,0.0,-2.0
[M]_RXN_9651_p,0.1779998505524507,-2.000000000000135
[B]_RXN_9651_p,3.7538607816134113e-16,-2.0000000000000053
[M]_RXN0_5260_m,0.0,2.0446100933538607
[B]_RXN0_5260_m,0.0,-2.4646951146678475e-14
[M]_L_ASPARTATE_GLU_mc,0.0,2.0000000000000826
[B]_L_ASPARTATE_GLU_mc,0.0,2.0000000000001026
[M]_RXN_9540_p,0.17799985055245063,-2.0000000000001066
[B]_RXN_9540_p,1.145808947603302e-16,-1.999999999999968
[M]_SEDOHEPTULOSE_BISPHOSPHATASE_RXN_p,11.401762829246724,-2.000000000000023
[B]_SEDOHEPTULOSE_BISPHOSPHATASE_RXN_p,0.0,-1.9999999999999716
[M]_GLYCINE_AMINOTRANSFERASE_RXN_x,4.211795624036194,-1.9999999999999851
[B]_GLYCINE_AMINOTRANSFERASE_RXN_x,0.0,2.00000000000001
[M]_RXN0_5330_NAD_mc,0.0,2.721611714588164
[B]_RXN0_5330_NAD_mc,1.5823013347926533e-17,-1.9999999999999982
[M]_MAL_CIT_vc,0.0,-3.452793606584237e-14
[B]_MAL_CIT_vc,0.0,-0.3999999999999866
[M]_MAL_CIT_rev_vc,0.0,-1.1657341758564144e-14
[B]_MAL_CIT_rev_vc,0.0,-0.6666666666666791
[M]_SO4_ec,0.0,-2.0
[B]_SO4_ec,0.13415383147788132,-1.9999999999999858
[M]_GLYCINE_TRNA_LIGASE_RXN_c,0.047680172591442166,-2.0000000000000426
[B]_GLYCINE_TRNA_LIGASE_RXN_c,0.0,9.439423186975652
[M]_Pi_xc,-1.635845385885694e-17,-2.0000000000000067
[B]_Pi_xc,0.0,-2.0000000000000027
[M]_GLYOHMETRANS_RXN_c,0.0,-4.0523140398818214e-14
[B]_GLYOHMETRANS_RXN_c,0.0,-1.9999999999999887
[M]_GLYOHMETRANS_RXN_m,-4.482791343463589,1.999999999999977
[B]_GLYOHMETRANS_RXN_m,0.0,2.0000000000000213
[M]_RXN0_5184_c,0.0,-2.00000000000003
[B]_RXN0_5184_c,0.0,-0.9991888693813982
[M]_RXN0_5330_NAD_mi,0.0,9.359341547161907
[B]_RXN0_5330_NAD_mi,0.0,3.8675975661484103
[M]_RXN_11213_m,0.0,-1.9999999999999751
[B]_RXN_11213_m,0.0,37.51920544697042
[M]_GLYOHMETRANS_RXN_p,0.0,-2.0000000000000755
[B]_GLYOHMETRANS_RXN_p,0.0,4.196643033083092e-14
[M]_pLEU_biomass,-0.08295882402281061,2.0000000000000284
[B]_pLEU_biomass,0.0,2.0000000000000213
[M]_UGD_RXN_c,0.2619708534173888,-2.0
[B]_UGD_RXN_c,0.0,4.121335418899944
[M]_HISTAMINOTRANS_RXN_p,0.018183288585232174,-1.9999999999998863
[B]_HISTAMINOTRANS_RXN_p,0.0,-2.0
[M]_HIS_pc,0.018183288585232174,-2.0000000000000764
[B]_HIS_pc,0.0,-1.999999999999997
[M]_CA2_rev_vc,0.2031244020660206,-2.0
[B]_CA2_rev_vc,0.0,-2.000000000000007
[M]_O2_xc,-4.285009618156154,2.0000000000000004
[B]_O2_xc,0.0,2.0000000000000004
[M]_GLUTDECARBOX_RXN_c,0.022242060448674363,-2.0000000000001563
[B]_GLUTDECARBOX_RXN_c,0.0,-0.976126955704311
[M]_RXN_5641_c,0.0,-1.9999999999999858
[B]_RXN_5641_c,0.0,-0.9761269557042214
[M]_CARBAMATE_KINASE_RXN_p,0.05740778399197852,-2.0000000000000995
[B]_CARBAMATE_KINASE_RXN_p,0.0,10.832444056885663
[M]_TRP_PROTON_rev_vc,0.0,1.9999999999998905
[B]_TRP_PROTON_rev_vc,0.0,-0.6666666666666573
[M]_Glycolate_xc,-8.570019236312307,2.000000000000004
[B]_Glycolate_xc,0.0,1.9999999999999998
[M]_THR_pc,0.5188540459332021,-2.0000000000000564
[B]_THR_pc,0.0,1.99999999999999
[M]_DTDPKIN_RXN_c,0.0,-2.0000000000000107
[B]_DTDPKIN_RXN_c,0.0,142.62345020864288
[M]_AIRCARBOXY_RXN_p,0.0,-2.000000000000231
[B]_AIRCARBOXY_RXN_p,0.0,-2.0000000000000027
[M]_PLASTOQUINOL_PLASTOCYANIN_REDUCTASE_RXN_p,89.42883526590333,-2.0000000000001563
[B]_PLASTOQUINOL_PLASTOCYANIN_REDUCTASE_RXN_p,0.0,-1.9999999999999964
[M]_HISTPRATPHYD_RXN_p,0.018183288585232178,-2.0000000000000284
[B]_HISTPRATPHYD_RXN_p,0.0,-2.0
[M]_MET_pc,0.0,1.9999999999998634
[B]_MET_pc,0.0,1.999999999999969
[M]_RXN_9524_p,0.1779998505524508,-1.999999999999993
[B]_RXN_9524_p,2.2916178952066034e-16,-1.9999999999999964
[M]_OAA_MAL_mc,0.0,1.8861846091704537
[B]_OAA_MAL_mc,0.0,-1.1657341758564144e-14
[M]_GCVMULTI_RXN_m,4.526061398535159,-1.999999999999936
[B]_GCVMULTI_RXN_m,0.0,-2.0000000000000124
[M]_Xylan_biomass,-0.26197085341738896,2.0
[B]_Xylan_biomass,0.0,2.0
[M]_ALANINE_TRNA_LIGASE_RXN_c,0.10528067782958686,-2.0000000000001563
[B]_ALANINE_TRNA_LIGASE_RXN_c,0.0,8.691423186975697
[M]_ACETYLORNTRANSAM_RXN_p,0.057407783991978524,-1.9999999999998863
[B]_ACETYLORNTRANSAM_RXN_p,0.0,-2.0
[M]_ASNSYNA_RXN_c,0.056374215527552375,-2.000000000000071
[B]_ASNSYNA_RXN_c,0.0,7.01683072443295
[M]_CONIFERIN_BETA_GLUCOSIDASE_RXN_c,0.0,-2.0
[B]_CONIFERIN_BETA_GLUCOSIDASE_RXN_c,0.0,-1.1219999999999897
[M]_RXN_9657_p,0.17799985055245082,-1.999999999999993
[B]_RXN_9657_p,5.510154506742639e-16,-2.0
[M]_pTRP_biomass,0.0,2.0
[B]_pTRP_biomass,0.0,1.999999999999993
[M]_RXN_8001_p,0.01818328858523217,-2.0000000000001137
[B]_RXN_8001_p,0.0,-1.9999999999999716
[M]_CIT_PROTON_rev_vc,0.0,2.0000000000002007
[B]_CIT_PROTON_rev_vc,0.0,-2.000000000000007
[M]_2TRANSKETO_RXN_p,-11.494734575341024,1.9999999999999962
[B]_2TRANSKETO_RXN_p,0.0,-2.00000000000001
[M]_PHENYLALANINE_TRNA_LIGASE_RXN_c,0.0547926529126468,-2.0000000000000426
[B]_PHENYLALANINE_TRNA_LIGASE_RXN_c,0.0,8.691423186975552
[M]_SUC_ISOCITRATE_mc,0.0,0.1138153908294498
[B]_SUC_ISOCITRATE_mc,0.0,1.9999999999999984
[M]_pPHE_biomass,-0.054792652912646796,2.0000000000003695
[B]_pPHE_biomass,0.0,1.9999999999999645
[M]_PRO_PROTON_rev_vc,0.0,-2.0000000000000924
[B]_PRO_PROTON_rev_vc,0.0,-1.9999999999999964
[M]_2_KETO_ADIPATE_DEHYDROG_RXN_m,0.0,-2.0000000000000213
[B]_2_KETO_ADIPATE_DEHYDROG_RXN_m,0.0,-1.9999999999999947
[M]_MAL_SO4_mc,0.0,0.11381539082957781
[B]_MAL_SO4_mc,0.0,2.0000000000000027
[M]_GLUCURONOKINASE_RXN_c,0.0,54.70186157678638
[B]_GLUCURONOKINASE_RXN_c,0.0,15.246078839291972
[M]_GLUTAMATE_SYNTHASE_FERREDOXIN_RXN_p,6.0633929531021895,-1.9999999999999858
[B]_GLUTAMATE_SYNTHASE_FERREDOXIN_RXN_p,0.0,7.7501150532485426
[M]_L_ASPARTATE_PROTON_rev_vc,0.0,2.000000000000183
[B]_L_ASPARTATE_PROTON_rev_vc,0.0,-0.6666666666666716
[M]_Phloem_output_tx,0.0,1703.9794316614752
[B]_Phloem_output_tx,0.0,353.19047936745494
[M]_HMBPP_synthesis_p,3.2716907717713864e-17,-2.0000000000005116
[B]_HMBPP_synthesis_p,0.0,63.72060591783411
[M]_TYROSINE_TRNA_LIGASE_RXN_c,0.038179093181649006,-1.999999999999929
[B]_TYROSINE_TRNA_LIGASE_RXN_c,0.0,9.005190189549564
[M]_NITRATE_PROTON_rev_vc,0.0,4.000000000000041
[B]_NITRATE_PROTON_rev_vc,0.0,2.6666666666666683
[M]_SUC_Pi_mc,0.0,-1.9999999999999905
[B]_SUC_Pi_mc,0.0,-2.000000000000005
[M]_Protein_Processing_c,0.9793322323427333,-2.000000000000032
[B]_Protein_Processing_c,0.0,1.6120139957071782
[M]_PSII_RXN_p,41.072588969995614,-2.000000000000199
[B]_PSII_RXN_p,0.0,-1.626550126771079
[M]_NH4_ec,0.0,-2.0
[B]_NH4_ec,0.0,-2.0
[M]_HIS_PROTON_rev_vc,0.0,2.0000000000004077
[B]_HIS_PROTON_rev_vc,0.0,-0.6666666666666379
[M]_MAL_xc,-4.373563417212234,2.000000000000009
[B]_MAL_xc,0.0,1.9999999999999987
[M]_RXN_9535_p,0.0,-5.306866057708248e-13
[B]_RXN_9535_p,0.0,-2.1538326677728037e-14
[M]_GLN_PROTON_rev_vc,0.0,2.000000000000273
[B]_GLN_PROTON_rev_vc,0.0,-0.6666666666666209
[M]_ISPH2_RXN_p,2.453768078828539e-17,-1.9999999999999574
[B]_ISPH2_RXN_p,0.0,-1.9999999999999964
[M]_OAA_MAL_pc,-0.24741060884595897,1.9999999999999896
[B]_OAA_MAL_pc,2.0389337479857083e-16,1.9999999999999987
[M]_GLUTSEMIALDEHYDROG_RXN_c,0.0,37.48116189278801
[B]_GLUTSEMIALDEHYDROG_RXN_c,0.0,17.284850318247074
[M]_A_B_oxidation_x,8.179226929428463e-18,-1.9999999999999574
[B]_A_B_oxidation_x,0.0,17.669805709639107
[M]_THIOREDOXIN_REDUCT_NADPH_RXN_p,0.0,-1.999999999999993
[B]_THIOREDOXIN_REDUCT_NADPH_RXN_p,0.0,-2.0
[M]_RXN_9104_c,0.26197085341738896,-1.9999999999999787
[B]_RXN_9104_c,0.0,1.6260000000000479
[M]_SHIKIMATE_5_DEHYDROGENASE_RXN_p,0.09297174609429584,-1.9999999999999005
[B]_SHIKIMATE_5_DEHYDROGENASE_RXN_p,0.0,-1.9999999999999893
[M]_ACET_xc,2.4537680788285393e-17,2.000000000000018
[B]_ACET_xc,0.0,2.0000000000000027
[M]_K_ec,0.0,-2.0
[B]_K_ec,2.221827441169404,-2.0000000000000036
[M]_RXN_7674_p,0.0,-1.9999999999999574
[B]_RXN_7674_p,0.0,-2.000000000000001
[M]_CTPSYN_RXN_p,0.0,2938.092675100217
[B]_CTPSYN_RXN_p,0.0,509.70862553182343
[M]_FRU_vc,0.0,-2.0000000000001137
[B]_FRU_vc,0.0,-1.9999999999999858
[M]_RXN_9655_p,0.17799985055245074,-2.000000000000062
[B]_RXN_9655_p,2.291617895206604e-16,-2.0
[M]_4_PERIOD_2_PERIOD_1_PERIOD_58_RXN_p,0.17799985055245035,-1.9999999999999982
[B]_4_PERIOD_2_PERIOD_1_PERIOD_58_RXN_p,0.0,2.0
[M]_1_PERIOD_18_PERIOD_1_PERIOD_2_RXN_p,70.74267685908463,-2.000000000000007
[B]_1_PERIOD_18_PERIOD_1_PERIOD_2_RXN_p,0.0,-2.0
[M]_PRO_mc,0.0,1.3133827777828608
[B]_PRO_mc,1.5823013347926536e-17,-2.000000000000022
[M]_CYSTEINE_AMINOTRANSFERASE_RXN_m,0.0,1.999999999999996
[B]_CYSTEINE_AMINOTRANSFERASE_RXN_m,0.0,1.9999999999999816
[M]_GLUCOKIN_RXN_c,0.0,2.0000000000007354
[B]_GLUCOKIN_RXN_c,0.0,5.390830724433037
[M]_GLT_PROTON_rev_vc,0.0,2.0000000000000178
[B]_GLT_PROTON_rev_vc,0.0,-0.666666666666649
[M]_PRPPSYN_RXN_p,0.018183288585232184,-2.000000000001144
[B]_PRPPSYN_RXN_p,0.0,82.41359439602259
[M]_VALINE_TRNA_LIGASE_RXN_c,0.07202650977169886,-2.00000000000027
[B]_VALINE_TRNA_LIGASE_RXN_c,0.0,9.439423186975663
[M]_GLUTAMINESYN_RXN_c,0.0,2.0000000000012474
[B]_GLUTAMINESYN_RXN_c,0.0,6.390019593814576
[M]_GLUTAMINESYN_RXN_m,0.0,-1.999999999999929
[B]_GLUTAMINESYN_RXN_m,0.0,-1.6099804061854437
[M]_1_PERIOD_5_PERIOD_1_PERIOD_20_RXN_c,0.025086766486338227,-2.0
[B]_1_PERIOD_5_PERIOD_1_PERIOD_20_RXN_c,0.0,-2.0
[M]_GLUTAMINESYN_RXN_p,6.230051966751137,-1.999999999999325
[B]_GLUTAMINESYN_RXN_p,0.0,4.949439033727478
[M]_HOMO_CYS_pc,0.02508676648636381,-2.0000000000002713
[B]_HOMO_CYS_pc,0.0,-1.999999999999997
[M]_GLUCOKIN_RXN_p,0.0,-1.9999999999998366
[B]_GLUCOKIN_RXN_p,0.0,11.950250164346006
[M]_PALMITATE_pc,0.17799985055245066,-1.9999999999999958
[B]_PALMITATE_pc,0.0,1.9999999999999936
[M]_DUMP_mc,0.0,2.00000000000017
[B]_DUMP_mc,0.0,2.0
[M]_GUANYL_KIN_RXN_p,0.0,-1.999999999999858
[B]_GUANYL_KIN_RXN_p,0.0,-1.9999999999999964
[M]_RXN_12002_p,3.9062224427565825e-18,-2.000000000000057
[B]_RXN_12002_p,0.0,-2.0000000000000173
[M]_PEP_Pi_pc,0.0,-1.9999999999999005
[B]_PEP_Pi_pc,0.0,3.807087149362764
[M]_RXN_5781_r,0.0,-1.9999999999999858
[B]_RXN_5781_r,0.0,-1.9999999999999964
[M]_BRANCHED_CHAINAMINOTRANSFERLEU_RXN_m,0.0,1.9999999999999807
[B]_BRANCHED_CHAINAMINOTRANSFERLEU_RXN_m,0.0,1.9999999999999836
[M]_BRANCHED_CHAINAMINOTRANSFERLEU_RXN_p,-0.08295882402281063,2.000000000000116
[B]_BRANCHED_CHAINAMINOTRANSFERLEU_RXN_p,0.0,1.9999999999999993
[M]_PROTON_ATPase_c,0.0,145.68468210686962
[B]_PROTON_ATPase_c,22.695657739458053,-1.9999999999999787
[M]_DIHYDROXYISOVALDEHYDRAT_RXN_p,0.15498533379450954,-2.0000000000000053
[B]_DIHYDROXYISOVALDEHYDRAT_RXN_p,0.0,-2.0
[M]_CO2_mc,4.971560018431081,-2.0
[B]_CO2_mc,0.0,2.0
[M]_MDA_Fd_Ascorbate_p,0.0,-2.0000000000000147
[B]_MDA_Fd_Ascorbate_p,0.0,6.082828019505916
[M]_Palmitate_biomass,0.0,2.0000000000002274
[B]_Palmitate_biomass,0.0,2.0
[M]_CHORISMATEMUT_RXN_p,0.09297174609429582,-2.0
[B]_CHORISMATEMUT_RXN_p,0.0,-2.0
[M]_SUC_FUM_mc,0.0,-1.9999999999999845
[B]_SUC_FUM_mc,0.0,-0.7479999999999931
[M]_GLT_PROTON_vc,0.0,-1.9999999999999787
[B]_GLT_PROTON_vc,0.0,-2.0000000000000107
[M]_GUANYL_KIN_RXN_c,0.0,-2.000000000000057
[B]_GUANYL_KIN_RXN_c,0.0,-2.0
[M]_PRAISOM_RXN_p,0.0,1838.3158331820111
[B]_PRAISOM_RXN_p,0.0,-2.0
[M]_MercaptoPyruvateSulfurtransferase_m,0.0,-1.9999999999999645
[B]_MercaptoPyruvateSulfurtransferase_m,0.0,-1.9999999999999973
[M]_RXN_9533_p,0.17799985055245066,-2.000000000000176
[B]_RXN_9533_p,1.8367181689142133e-16,-2.0000000000000284
[M]_sSER_biomass,0.0,2.0
[B]_sSER_biomass,0.0,2.0
[M]_GLUTAMATE_DEHYDROGENASE_RXN_m,0.0,17.446167400415654
[B]_GLUTAMATE_DEHYDROGENASE_RXN_m,0.0,4.3175619117346535
[M]_ARG_HIS_mc,0.0,1.999999999999835
[B]_ARG_HIS_mc,0.0,2.0000000000000218
[M]_SUCROSE_PHOSPHATASE_RXN_c,0.032447001543039526,-2.0000000000000213
[B]_SUCROSE_PHOSPHATASE_RXN_c,0.0,-0.8708111306184794
[M]_ARG_pc,0.0574077839919785,-1.9999999999998688
[B]_ARG_pc,0.0,1.9999999999999702
[M]_PREPHENATEDEHYDROG_RXN_p,0.038179093181649006,-1.9999999999998788
[B]_PREPHENATEDEHYDROG_RXN_p,0.0,9.230095459434645
[M]_AIRS_RXN_p,0.0,-1.9999999999998295
[B]_AIRS_RXN_p,0.0,-2.000000000000017
[M]_GLUTAMATE_SYNTHASE_NADH_RXN_p,0.0,4.000000000000522
[B]_GLUTAMATE_SYNTHASE_NADH_RXN_p,0.0,-1.4799804061860862
[M]_RXN_9528_p,0.17799985055245074,-1.999999999999993
[B]_RXN_9528_p,2.291617895206604e-16,-1.9999999999999964
[M]_BRANCHED_CHAINAMINOTRANSFERVAL_RXN_m,0.0,-2.0000000000001417
[B]_BRANCHED_CHAINAMINOTRANSFERVAL_RXN_m,0.0,-2.000000000000028
[M]_OROTATE_REDUCTASE_NADH_RXN_p,6.080462704648761e-18,-2.000000000000014
[B]_OROTATE_REDUCTASE_NADH_RXN_p,0.0,-2.0000000000000107
[M]_RXN_7676_p,0.0,-2.000000000000007
[B]_RXN_7676_p,0.0,-1.9999999999999982
[M]_ARG_PROTON_rev_vc,0.0,-1.9999999999999787
[B]_ARG_PROTON_rev_vc,0.0,-1.9999999999999822
[M]_RXN0_5114_p,0.0,10.132784622632343
[B]_RXN0_5114_p,2.0389337479857088e-16,-2.000000000000014
[M]_ILE_PROTON_rev_vc,0.0,-2.0000000000000924
[B]_ILE_PROTON_rev_vc,0.0,-2.0000000000000107
[M]_GLC_vc,0.0,-2.0
[B]_GLC_vc,0.0,-2.0
[M]_TYR_PROTON_rev_vc,0.0,-1.999999999999865
[B]_TYR_PROTON_rev_vc,0.0,-1.9999999999999822
[M]_ASPCARBTRANS_RXN_p,4.431476561810504e-18,-2.000000000000007
[B]_ASPCARBTRANS_RXN_p,0.0,-1.999999999999984
[M]_DIHYDRODIPICSYN_RXN_p,0.059192731242008634,-2.0000000000000497
[B]_DIHYDRODIPICSYN_RXN_p,0.0,-1.9999999999999982
[M]_K_rev_vc,0.41548173149867845,-1.999999999999993
[B]_K_rev_vc,0.0,-2.0000000000000018
[M]_VAL_mc,0.0,-1.9999999999999414
[B]_VAL_mc,0.0,-2.0000000000000075
[M]_Plastoquinol_Oxidase_p,0.0,10.341446172490699
[B]_Plastoquinol_Oxidase_p,0.0,9.825007297522635
[M]_10_FORMYL_THF_pc,-0.018183288585232178,2.0
[B]_10_FORMYL_THF_pc,0.0,-0.725790918091322
[M]_IMIDPHOSDEHYD_RXN_p,0.018183288585232174,-2.000000000000176
[B]_IMIDPHOSDEHYD_RXN_p,0.0,-2.0000000000000284
[M]_1_PERIOD_1_PERIOD_1_PERIOD_39_RXN_m,0.0,34.15175385444134
[B]_1_PERIOD_1_PERIOD_1_PERIOD_39_RXN_m,0.0,8.732265680463456
[M]_MAL_PROTON_vc,0.0,-1.9999999999999893
[B]_MAL_PROTON_vc,0.0,-2.0000000000000004
[M]_RXN_6383_x,0.0,2.000000000000022
[B]_RXN_6383_x,0.0,1.9999999999999925
[M]_pVAL_biomass,-0.07202650977169886,1.9999999999999147
[B]_pVAL_biomass,0.0,1.999999999999993
[M]_RXN_9648_p,0.1779998505524508,-1.999999999999993
[B]_RXN_9648_p,5.6307911724201175e-16,-2.0000000000000053
[M]_6PGLUCONDEHYDROG_RXN_p,0.0,-2.000000000000028
[B]_6PGLUCONDEHYDROG_RXN_p,0.0,-1.9999999999999942
[M]_METHIONINE_TRNA_LIGASE_RXN_c,0.025086766486338223,-2.0000000000001563
[B]_METHIONINE_TRNA_LIGASE_RXN_c,0.0,8.691423186975811
[M]_FORMATE_mc,0.0,2.000000000000001
[B]_FORMATE_mc,0.0,2.0
[M]_GDPKIN_RXN_m,0.0,2.0000000000000027
[B]_GDPKIN_RXN_m,0.0,1.9999999999999982
[M]_MAL_ACONITATE_mc,0.0,-1.8861846091705297
[B]_MAL_ACONITATE_mc,0.0,0.504000000000002
[M]_H2O_ec,0.0,2.000000000000001
[B]_H2O_ec,91.73242069661937,-1.9999999999999998
[M]_ARG_CITRULLINE_mc,0.0,2.0000000000001092
[B]_ARG_CITRULLINE_mc,0.0,2.0000000000000067
[M]_GDPKIN_RXN_p,0.01818328858523218,-2.0000000000000817
[B]_GDPKIN_RXN_p,0.0,2.0000000000000027
[M]_RXN_7678_NADP_p,0.0,-2.000000000000007
[B]_RXN_7678_NADP_p,0.0,9.23009545943463
[M]_L_ASPARTATE_PROTON_vc,0.0,-2.0000000000000355
[B]_L_ASPARTATE_PROTON_vc,0.0,-1.9999999999999964
[M]_METHENYLTHFCYCLOHYDRO_RXN_c,0.01818328858523139,-1.9999999999999858
[B]_METHENYLTHFCYCLOHYDRO_RXN_c,0.0,-2.0
[M]_RXN_3523_p,0.0,2.000000000000008
[B]_RXN_3523_p,0.0,-7.771561172376096e-16
[M]_pALA_biomass,-0.10528067782958686,2.0000000000000853
[B]_pALA_biomass,0.0,2.000000000000007
[M]_TYR_pc,0.038179093181649006,-1.9999999999999616
[B]_TYR_pc,0.0,-1.999999999999994
[M]_BRANCHED_CHAINAMINOTRANSFERVAL_RXN_p,-0.07202650977169892,2.000000000000092
[B]_BRANCHED_CHAINAMINOTRANSFERVAL_RXN_p,0.0,-2.000000000000008
[M]_G6P_Pi_pc,1.5040128600031415,-1.9999999999998872
[B]_G6P_Pi_pc,0.0,-1.9999999999999987
[M]_ACET_mc,0.47117387334175975,-2.0000000000000115
[B]_ACET_mc,0.0,1.9999999999999991
[M]_2KG_MAL_mc,0.0,-0.11381539082946202
[B]_2KG_MAL_mc,0.0,-2.0000000000000693
[M]_TYROSINE_AMINOTRANSFERASE_RXN_p,0.038179093181649006,-2.000000000000003
[B]_TYROSINE_AMINOTRANSFERASE_RXN_p,0.0,-2.000000000000095
[M]_RXN_9539_p,0.0,-4.5008441418303846e-13
[B]_RXN_9539_p,0.0,9.525713551283843e-14
[M]_VAL_pc,0.07202650977169892,-2.000000000000056
[B]_VAL_pc,0.0,1.9999999999999944
[M]_HOMOSERKIN_RXN_p,0.5820106708869363,-2.000000000000121
[B]_HOMOSERKIN_RXN_p,0.0,-2.000000000000016
[M]_GLN_GLU_pc,0.1484757250637162,-1.9999999999998326
[B]_GLN_GLU_pc,0.0,1.9999999999999973
[M]_6PGLUCONDEHYDROG_RXN_c,0.0,-0.2176672124527761
[B]_6PGLUCONDEHYDROG_RXN_c,0.0,-1.9999999999999916
[M]_NADPHoxc_tx,0.0,17.13278462263515
[B]_NADPHoxc_tx,0.9284000000000003,-2.0
[M]_1_PERIOD_2_PERIOD_1_PERIOD_9_RXN_c,4.079351447399499,-2.0000000000000426
[B]_1_PERIOD_2_PERIOD_1_PERIOD_9_RXN_c,0.0,-1.861169275567126
[M]_ATPPHOSPHORIBOSYLTRANS_RXN_p,0.01818328858523218,-1.9999999999999005
[B]_ATPPHOSPHORIBOSYLTRANS_RXN_p,0.0,-2.0000000000000053
[M]_RXN_969_x,8.570019236312309,-2.0
[B]_RXN_969_x,0.0,1.0650000000000714
[M]_ACETOLACTSYN_RXN_p,0.15498533379450952,-1.9999999999999645
[B]_ACETOLACTSYN_RXN_p,0.0,5.34090094818143
[M]_RXN1F_66_p,0.0,1.999999999999973
[B]_RXN1F_66_p,0.0,2.000000000000005
[M]_RXN490_3650_p,178.85767053180666,-1.9999999999999858
[B]_RXN490_3650_p,0.0,-2.0
[M]_pTYR_biomass,-0.038179093181649006,2.000000000000142
[B]_pTYR_biomass,0.0,1.9999999999999645
[M]_AMP_ATP_xc,-8.179226929428464e-18,-1.999999999999751
[B]_AMP_ATP_xc,0.0,-2.0000000000000053
[M]_PEPCARBOX_RXN_c,1.14794483786716,-2.000000000000064
[B]_PEPCARBOX_RXN_c,0.9284000000000028,-2.0000000000000173
[M]_ACET_pc,-0.4711738733417598,1.9999999999999851
[B]_ACET_pc,0.0,-1.999999999999999
[M]_MG2_rev_vc,0.13387744681624078,-1.9999999999999858
[B]_MG2_rev_vc,0.0,-2.0000000000000036
[M]_PHOSPHORIBULOKINASE_RXN_p,34.280076945249235,-2.0000000000001776
[B]_PHOSPHORIBULOKINASE_RXN_p,9.873488479393742e-16,-2.0000000000000444
[M]_2KG_MAL_pc,-5.642582210926794,1.999999999999985
[B]_2KG_MAL_pc,0.0,2.0000000000000124
[M]_GLY_xc,8.585359041248427,-2.000000000000018
[B]_GLY_xc,0.0,1.9999999999999984
[M]_PHE_pc,0.05479265291264681,-1.9999999999999147
[B]_PHE_pc,0.0,1.9999999999999851
[M]_SUC_CIT_mc,0.0,0.11381539082961678
[B]_SUC_CIT_mc,0.0,2.0000000000000036
[M]_2PGADEHYDRAT_RXN_p,0.1564695478862272,-2.00000000000003
[B]_2PGADEHYDRAT_RXN_p,0.0,-2.0000000000000013
[M]_GDPKIN_RXN_c,1.9586644646854667,-2.0000000000000924
[B]_GDPKIN_RXN_c,0.0,-2.0000000000000093
[M]_RXN_9659_p,0.17799985055245074,-2.0000000000000213
[B]_RXN_9659_p,3.673436337828426e-16,-1.999999999999993
[M]_RXN_1827_p,0.0,52.3983538679044
[B]_RXN_1827_p,0.0,-1.9999999999999647
[M]_CITSYN_RXN_x,0.0,8.113815390827643
[B]_CITSYN_RXN_x,0.0,13.273238519510262
[M]_PRO_TRNA_LIGASE_RXN_c,0.0,1295.1173448231857
[B]_PRO_TRNA_LIGASE_RXN_c,0.0,250.3257742063687
[M]_H2O_mc,16.37147173039008,-2.000000000000001
[B]_H2O_mc,0.0,-1.9999999999999996
[M]_2PGADEHYDRAT_RXN_c,3.4248000337952518,-2.000000000000028
[B]_2PGADEHYDRAT_RXN_c,0.0,-0.7480000000000198
[M]_FORMATE_pc,0.0,-1.9999999999999991
[B]_FORMATE_pc,0.0,1.9999999999999991
[M]_1_PERIOD_5_PERIOD_1_PERIOD_9_RXN_c,0.0,-2.0000000000000426
[B]_1_PERIOD_5_PERIOD_1_PERIOD_9_RXN_c,0.0,1.357315825085701
[M]_PRTRANS_RXN_p,0.0,-1.99999999999979
[B]_PRTRANS_RXN_p,0.0,-2.000000000000009
[M]_DAHPSYN_RXN_p,0.09297174609429583,-2.000000000000023
[B]_DAHPSYN_RXN_p,0.0,-2.0000000000000355
[M]_CYSPH_RXN_p,0.025086766486363807,-1.9999999999998863
[B]_CYSPH_RXN_p,0.0,-2.0000000000000284
[M]_Glycerol_biomass,-0.08137136025254889,2.000000000000057
[B]_Glycerol_biomass,0.0,1.9999999999999858
[M]_2_PERIOD_5_PERIOD_1_PERIOD_19_RXN_p,0.09297174609429582,-1.9999999999999147
[B]_2_PERIOD_5_PERIOD_1_PERIOD_19_RXN_p,0.0,-1.999999999999993
[M]_2_AMINOADIPATE_AMINOTRANSFERASE_RXN_c,0.0,-1.9999999999998863
[B]_2_AMINOADIPATE_AMINOTRANSFERASE_RXN_c,0.0,-1.1219999999999342
[M]_ORNCARBAMTRANSFER_RXN_p,0.05740778399197852,-1.9999999999999263
[B]_ORNCARBAMTRANSFER_RXN_p,0.0,-2.0000000000000155
[M]_IPP_biosynthesis_c,0.0,1960.5897099592871
[B]_IPP_biosynthesis_c,0.0,392.7965970159023
[M]_PREPHENATE_DEHYDROGENASE_NADP_RXN_p,0.0,2.0000000000005618
[B]_PREPHENATE_DEHYDROGENASE_NADP_RXN_p,0.0,-1.9999999999999942
[M]_HISTOLDEHYD_RXN_p,0.0,-2.0000000000000426
[B]_HISTOLDEHYD_RXN_p,0.0,-1.9999999999999716
[M]_RXN0_5330_NADP_c,0.0,14.740580946393788
[B]_RXN0_5330_NADP_c,0.0,4.146019593814138
[M]_HISTALDEHYD_RXN_p,0.0,-2.7144952952085077e-13
[B]_HISTALDEHYD_RXN_p,0.0,2.1094237467877974e-14
[M]_RXN_14903_mi,0.0,2.6377298325741663
[B]_RXN_14903_mi,0.0,3.4201822039320366
[M]_GLUTAMATE_N_ACETYLTRANSFERASE_RXN_p,0.05740778399197851,-2.0
[B]_GLUTAMATE_N_ACETYLTRANSFERASE_RXN_p,0.0,-2.0000000000000107
[M]_PROTON_PPi_rev_vc,1.2926098313292218,-1.999999999999993
[B]_PROTON_PPi_rev_vc,0.0,4.104541796528949
[M]_RXN_9958_NAD_m,0.0,-2.0000000000000213
[B]_RXN_9958_NAD_m,0.0,41.62392851638374
[M]_GLN_GLU_mc,0.0,-1.9999999999985079
[B]_GLN_GLU_mc,0.0,1.9999999999999896
[M]_NADPH_Dehydrogenase_p,7.2836573259120945,-1.9999999999999432
[B]_NADPH_Dehydrogenase_p,0.0,-1.9999999999999858
[M]_CITSYN_RXN_m,0.44549861989592127,-2.000000000000014
[B]_CITSYN_RXN_m,0.0,-1.999999999999993
[M]_OROTPDECARB_RXN_p,6.080462704648761e-18,-2.000000000000135
[B]_OROTPDECARB_RXN_p,0.0,-1.9999999999999911
[M]_SUC_ACONITATE_mc,0.0,-1.8861846091705297
[B]_SUC_ACONITATE_mc,0.0,0.5040000000000019
[M]_K_biomass,-0.4154817314986784,2.000000000000007
[B]_K_biomass,0.0,2.0
[M]_PYRROLINECARBREDUCT_RXN_NADP_c,0.0,12.132784622634981
[B]_PYRROLINECARBREDUCT_RXN_NADP_c,0.0,4.146019593814181
[M]_Nitrate_tx,0.0,-387.92938219525143
[B]_Nitrate_tx,9.38297295605226,-2.0
[M]_FUM_PROTON_vc,0.0,1.9999999999999851
[B]_FUM_PROTON_vc,0.0,1.9999999999999973
[M]_RXN_9537_p,0.17799985055245063,-1.9999999999999485
[B]_RXN_9537_p,1.8367181689142133e-16,-2.0
[M]_SER_xc,-4.373563417212234,1.9999999999999745
[B]_SER_xc,0.0,-2.000000000000006
[M]_TRP_PROTON_vc,0.0,-1.999999999999865
[B]_TRP_PROTON_vc,0.0,-2.0000000000000107
[M]_Photon_ep,343.14802641178903,-1.9999999999999998
[B]_Photon_ep,0.0,-1.9999999999999998
[M]_AICARTRANSFORM_RXN_p,0.018183288585232178,-2.0000000000001137
[B]_AICARTRANSFORM_RXN_p,0.0,-1.9999999999999432
[M]_SULFITE_OXIDASE_RXN_m,0.0,-2.000000000000003
[B]_SULFITE_OXIDASE_RXN_m,0.0,-2.0000000000000018
[M]_CELLULOSE_SYNTHASE_GDP_FORMING_RXN_c,0.0,-1.9999999999999787
[B]_CELLULOSE_SYNTHASE_GDP_FORMING_RXN_c,0.0,7.032850318246955
[M]_sGLN_biomass,-0.08052367013949972,2.0
[B]_sGLN_biomass,0.0,1.9999999999999716
[M]_SO4_tx,0.0,-575.04366547271
[B]_SO4_tx,0.13415383147788132,-2.0
[M]_RXN_7985_p,0.0,-2.0000000000000018
[B]_RXN_7985_p,0.0,-2.0
[M]_RIB5PISOM_RXN_p,11.383579540661486,-2.0000000000000484
[B]_RIB5PISOM_RXN_p,0.0,2.0000000000000124
[M]_2_PERIOD_7_PERIOD_1_PERIOD_90_RXN_c,0.0,3.7547742692822794e-13
[B]_2_PERIOD_7_PERIOD_1_PERIOD_90_RXN_c,0.0,1.9999999999999971
[M]_ORNITHINE_CITRULLINE_mc,0.0,4.3731684939984916e-13
[B]_ORNITHINE_CITRULLINE_mc,0.0,0.7480000000000288
[M]_pPRO_biomass,0.0,2.0
[B]_pPRO_biomass,0.0,1.999999999999993
[M]_NH4_tx,0.0,-476.45791043510496
[B]_NH4_tx,0.0,-87.09762925136462
[M]_ADENYLOSUCCINATE_SYNTHASE_RXN_p,0.018183288585232178,-1.9999999999999432
[B]_ADENYLOSUCCINATE_SYNTHASE_RXN_p,0.0,-2.000000000000229
[M]_FERRIC_CHELATE_REDUCTASE_RXN_c,0.0,3.518226137050272
[B]_FERRIC_CHELATE_REDUCTASE_RXN_c,0.0,-2.0000000000000053
[M]_OAA_xc,4.373563417212234,-2.0000000000000018
[B]_OAA_xc,0.0,-2.000000000000003
[M]_ATPase_tx,4.4666253294177665,-2.000000000000057
[B]_ATPase_tx,2.7852000000000006,-1.9999999999999893
[M]_UDPKIN_RXN_c,1.5040128600031415,-1.9999999999999487
[B]_UDPKIN_RXN_c,0.0,-2.0000000000000004
[M]_NADPHoxp_tx,1.488875109805922,-1.999999999999993
[B]_NADPHoxp_tx,0.0,3.3317435750702162
[M]_4_AMINO_BUTYRATE_mc,0.0,-1.9999999999999158
[B]_4_AMINO_BUTYRATE_mc,0.0,2.0000000000000075
[M]_6PFRUCTPHOS_RXN_c,0.0,18.13278462263519
[B]_6PFRUCTPHOS_RXN_c,0.0,7.513641855051508
[M]_3_HYDROXYISOBUTYRYL_COA_HYDROLASE_RXN_m,0.0,-1.9999999999999538
[B]_3_HYDROXYISOBUTYRYL_COA_HYDROLASE_RXN_m,0.0,-2.0000000000000036
[M]_RXN66_3_c,0.0,0.11381539082962311
[B]_RXN66_3_c,0.0,2.241037471476676
[M]_RXN66_3_m,0.47117387334175975,-1.9999999999999964
[B]_RXN66_3_m,0.0,-0.20637789073971147
[M]_UDPKIN_RXN_p,2.5985941092415414e-18,-1.9999999999997704
[B]_UDPKIN_RXN_p,0.0,2.0000000000000133
[M]_RXN_10773_c,0.0,40.265569245270285
[B]_RXN_10773_c,0.0,-2.0
[M]_pASN_biomass,-0.05637421552755236,2.0000000000000284
[B]_pASN_biomass,0.0,2.0000000000000213
[M]_Sucrose_ec,0.0,-1.9999999999998437
[B]_Sucrose_ec,0.0,-1.9999999999999858
[M]_GLY_mc,-9.008852741998748,1.9999999999999778
[B]_GLY_mc,0.0,-1.115943854841508
[M]_DGDPKIN_RXN_p,0.0,-1.999999999999968
[B]_DGDPKIN_RXN_p,0.0,-1.9999999999999964
[M]_DUDPKIN_RXN_p,0.0,-1.9999999999998543
[B]_DUDPKIN_RXN_p,0.0,457.17913365859454
[M]_RXN_8991_p,0.08295882402281061,-2.0000000000000515
[B]_RXN_8991_p,0.0,-2.0
[M]_ACETATE_COA_LIGASE_RXN_p,0.49626063982812363,-2.000000000000405
[B]_ACETATE_COA_LIGASE_RXN_p,0.0,9.907251029767053
[M]_ETHANOLAMINEPHOSPHOTRANSFERASE_RXN_r,0.0,-2.0
[B]_ETHANOLAMINEPHOSPHOTRANSFERASE_RXN_r,0.0,-1.999999999999993
[M]_sSUC_biomass,-0.01533980493611666,2.0
[B]_sSUC_biomass,0.0,2.0
[M]_RXN0_2382_p,0.0,-1.9999999999999485
[B]_RXN0_2382_p,0.0,3.122000000000018
[M]_Protein_Translocation_c,0.9793322323427335,-2.000000000000071
[B]_Protein_Translocation_c,0.0,7.612288313061673
[M]_THYMIDYLATESYN_RXN_m,0.0,-2.0
[B]_THYMIDYLATESYN_RXN_m,0.0,-1.9999999999999964
[M]_L_ALPHA_ALANINE_PROTON_rev_vc,0.0,-1.9999999999999218
[B]_L_ALPHA_ALANINE_PROTON_rev_vc,0.0,-2.0000000000000107
[M]_ATP_CITRATE_PRO_S_LYASE_RXN_c,0.0,-2.0000000000000213
[B]_ATP_CITRATE_PRO_S_LYASE_RXN_c,0.0,-1.8699999999999903
[M]_2KG_ACONITATE_mc,0.0,-2.0000000000000377
[B]_2KG_ACONITATE_mc,0.0,-1.4960000000000575
[M]_AMP_DEAMINASE_RXN_c,0.0,-2.000000000000014
[B]_AMP_DEAMINASE_RXN_c,0.0,-2.0000000000000195
[M]_FUMARYLACETOACETASE_RXN_c,0.0,-2.000000000000014
[B]_FUMARYLACETOACETASE_RXN_c,0.0,-1.9592962312713422
[M]_SO4_pc,-0.025086766486363807,1.9999999999999993
[B]_SO4_pc,0.0,1.9999999999999984
[M]_NH4_vc,0.0,1.9999999999999747
[B]_NH4_vc,0.0,1.999999999999998
[M]_GLC_pc,0.0,1.9999999999999865
[B]_GLC_pc,0.0,2.0000000000000107
[M]_MAL_PROTON_rev_vc,0.0,2.0000000000000937
[B]_MAL_PROTON_rev_vc,0.0,-0.6666666666666735
[M]_CARBOXYCYCLOHEXADIENYL_DEHYDRATASE_RXN_p,0.05479265291264681,-1.9999999999999645
[B]_CARBOXYCYCLOHEXADIENYL_DEHYDRATASE_RXN_p,0.0,2.686214346372424
[M]_ASPARAGINE_TRNA_LIGASE_RXN_c,0.056374215527552375,-2.0000000000000426
[B]_ASPARAGINE_TRNA_LIGASE_RXN_c,0.0,8.69142318697574
[M]_GLU6PDEHYDROG_RXN_p,0.0,116.98260620750041
[B]_GLU6PDEHYDROG_RXN_p,0.0,-2.0000000000000178
[M]_METHYLENE_THF_mc,0.043270055071569606,-2.0000000000000013
[B]_METHYLENE_THF_mc,5.372771168398284e-17,-1.9999999999999996
[M]_GMP_SYN_GLUT_RXN_c,0.0,-1.999999999999801
[B]_GMP_SYN_GLUT_RXN_c,0.0,-2.00000000000003
[M]_GLU6PDEHYDROG_RXN_c,0.0,86.93470417468257
[B]_GLU6PDEHYDROG_RXN_c,0.0,15.232916636369964
[M]_ACETATE_COA_LIGASE_RXN_x,-2.4537680788285393e-17,-1.9999999999998863
[B]_ACETATE_COA_LIGASE_RXN_x,0.0,12.811665571711629
[M]_ARGININE_TRNA_LIGASE_RXN_c,0.0574077839919785,-2.0000000000001563
[B]_ARGININE_TRNA_LIGASE_RXN_c,0.0,9.439423186975631
[M]_RXN_15130_p,0.0,-1.999999999999829
[B]_RXN_15130_p,0.0,-1.9999999999999953
[M]_ADENOSINE_KINASE_RXN_c,-2.5590332320183743e-14,-1.9999999999999147
[B]_ADENOSINE_KINASE_RXN_c,0.0,-2.0000000000000036
[M]_AraCore_Biomass_tx,0.23082318416593248,-2.000000000001208
[B]_AraCore_Biomass_tx,0.0,-1.999999999999746
[M]_PHOSGLYPHOS_RXN_p,66.0567531890816,-1.999999999999904
[B]_PHOSGLYPHOS_RXN_p,-1.1912422227379455e-15,1.9999999999999978
[M]_2_PERIOD_7_PERIOD_7_PERIOD_44_RXN_c,0.0,-2.0000000000000036
[B]_2_PERIOD_7_PERIOD_7_PERIOD_44_RXN_c,0.0,2.000000000000004
[M]_pGLN_biomass,-0.06795205492421645,2.0000000000000284
[B]_pGLN_biomass,0.0,2.0000000000000213
[M]_SUCCINYL_COA_HYDROLASE_RXN_m,0.0,8.13278462263547
[B]_SUCCINYL_COA_HYDROLASE_RXN_m,0.0,0.2848503182470732
[M]_pHIS_biomass,-0.018183288585232174,2.000000000000142
[B]_pHIS_biomass,0.0,1.9999999999999645
[M]_BHBDCLOS_RXN_x,0.0,-2.0
[B]_BHBDCLOS_RXN_x,0.0,-2.000000000000014
[M]_K_tx,0.0,-205.94147137860386
[B]_K_tx,2.221827441169404,-2.0
[M]_SULFITE_REDUCTASE_FERREDOXIN_RXN_p,0.025086766486363807,-2.0
[B]_SULFITE_REDUCTASE_FERREDOXIN_RXN_p,0.0,-1.9999999999999858
[M]_GLUTKIN_RXN_c,0.0,-2.0000000000000355
[B]_GLUTKIN_RXN_c,0.0,-1.9999999999999964
[M]_TYROSINE_AMINOTRANSFERASE_RXN_c,0.0,-2.0000000000000853
[B]_TYROSINE_AMINOTRANSFERASE_RXN_c,0.0,-2.0000000000000098
[M]_unlProtHYPO_c,0.0,-127.5518974842345
[B]_unlProtHYPO_c,0.0,-24.689501060823225
[M]_MYO_INOSITOL_1_PHOSPHATE_SYNTHASE_RXN_c,0.0,-2.0
[B]_MYO_INOSITOL_1_PHOSPHATE_SYNTHASE_RXN_c,0.0,-0.37399999999997346
[M]_pCYS_biomass,0.0,2.0
[B]_pCYS_biomass,0.0,2.0
[M]_3_HYDROXYPROPIONATE_DEHYDROGENASE_RXN_m,0.0,159.80439523912176
[B]_3_HYDROXYPROPIONATE_DEHYDROGENASE_RXN_m,0.0,-2.0000000000000053
[M]_LYS_PROTON_rev_vc,0.0,-2.0000000000000924
[B]_LYS_PROTON_rev_vc,0.0,-2.0000000000000107
[M]_2_KETOGLUTARATE_xc,4.211795624036194,-1.9999999999999614
[B]_2_KETOGLUTARATE_xc,0.0,1.9999999999999938
[M]_GLY_pc,0.0,2.000000000000221
[B]_GLY_pc,0.0,-1.9999999999999982
[M]_RXN_12486_c,0.0,22.132784622635445
[B]_RXN_12486_c,0.0,1.0168307244328754
[M]_PHOSPHATIDATE_PHOSPHATASE_RXN_p,0.0,-2.000000000000009
[B]_PHOSPHATIDATE_PHOSPHATASE_RXN_p,0.0,-1.9999999999999982
[M]_SAICARSYN_RXN_p,0.0,-2.0000000000001137
[B]_SAICARSYN_RXN_p,0.0,-2.000000000000032
[M]_SER_mc,4.48279134346359,-2.000000000000025
[B]_SER_mc,0.0,-1.9999999999999996
[M]_RXN_2141_p,0.0,8.132784622634952
[B]_RXN_2141_p,0.0,-2.0000000000000284
[M]_ARG_ORNITHINE_mc,0.0,1.9999999999996576
[B]_ARG_ORNITHINE_mc,0.0,1.2519999999999958
[M]_GMP_pc,0.0,2.0000000000000115
[B]_GMP_pc,0.0,1.9999999999999991
[M]_SUCROSE_SYNTHASE_RXN_c,0.0,-2.000000000000135
[B]_SUCROSE_SYNTHASE_RXN_c,0.0,-2.000000000000062
[M]_RXN_14351_pc,0.0,-2.0
[B]_RXN_14351_pc,0.0,-1.0168307244326498
[M]_ARG_LYS_mc,0.0,2.0000000000001155
[B]_ARG_LYS_mc,0.0,1.9999999999999822
[M]_GLYRIBONUCSYN_RXN_p,0.0,-2.0000000000000107
[B]_GLYRIBONUCSYN_RXN_p,0.0,-2.0000000000000195
[M]_RXN66_1_c,0.0,-1.9999999999999716
[B]_RXN66_1_c,0.0,-2.000000000000007
[M]_ETHANOLAMINE_KINASE_RXN_c,0.0,1142.531771453488
[B]_ETHANOLAMINE_KINASE_RXN_c,0.0,218.77912049630044
[M]_ISOCITRATE_ACONITATE_mc,0.0,-1.9999999999999933
[B]_ISOCITRATE_ACONITATE_mc,0.0,-1.4959999999999816
[M]_PHOSGLYPHOS_RXN_c,-0.03653420022723126,1.9999999999999682
[B]_PHOSGLYPHOS_RXN_c,-6.194861239240357,2.0000000000000133
[M]_CHORISMATE_SYNTHASE_RXN_p,0.09297174609429582,-1.9999999999999716
[B]_CHORISMATE_SYNTHASE_RXN_p,0.0,-2.0
[M]_MAL_CIT_mc,0.0,0.11381539082958281
[B]_MAL_CIT_mc,0.0,2.0
[M]_SPONTPRO_RXN_m,-5.9178069921245226e-18,-2.0000000000001266
[B]_SPONTPRO_RXN_m,1.864046245227678e-33,2.000000000000004
[M]_METHYLENE_THF_pc,0.0,-2.0000000000000013
[B]_METHYLENE_THF_pc,0.0,2.0
[M]_RXN_3521_p,0.0,-1.9999999999999964
[B]_RXN_3521_p,0.0,-1.9999999999999996
[M]_CYSTATHIONINE_BETA_LYASE_RXN_p,0.02508676648636381,-2.00000000000008
[B]_CYSTATHIONINE_BETA_LYASE_RXN_p,0.0,-1.9999999999999858
[M]_6PFRUCTPHOS_RXN_p,0.0,12.132784622635006
[B]_6PFRUCTPHOS_RXN_p,0.0,6.96708088877856
[M]_PRIBFAICARPISOM_RXN_p,0.018183288585232178,-1.9999999999999716
[B]_PRIBFAICARPISOM_RXN_p,0.0,-1.9999999999999858
[M]_METHYLCROTONYL_COA_CARBOXYLASE_RXN_m,0.0,-2.0000000000000426
[B]_METHYLCROTONYL_COA_CARBOXYLASE_RXN_m,0.0,-1.9999999999999858
[M]_ATP_AMP_mc,1.2137062984227147,-2.000000000000004
[B]_ATP_AMP_mc,0.0,-1.9999999999999984
[M]_METHYLENETHFDEHYDROG_NADP_RXN_c,0.01818328858523139,-1.9999999999999858
[B]_METHYLENETHFDEHYDROG_NADP_RXN_c,0.0,0.6021269557043147
[M]_GLN_PROTON_vc,0.0,-2.0000000000000924
[B]_GLN_PROTON_vc,0.0,-2.000000000000039
[M]_SPONTPRO_RXN_c,0.0,-2.0000000000000226
[B]_SPONTPRO_RXN_c,0.0,-1.9999999999999918
[M]_ARG_mc,3.4857664785757577e-34,-1.9999999999997897
[B]_ARG_mc,-1.864046245227678e-33,2.000000000000033
[M]_Phytol_degradation_p,8.179226929428464e-18,-2.0000000000001137
[B]_Phytol_degradation_p,0.0,-1.9999999999999432
[M]_GLC_tx,0.0,-1179.0714578208122
[B]_GLC_tx,0.0,-183.97530746469297
[M]_SER_pc,-0.025086766486363807,2.000000000000025
[B]_SER_pc,2.0389337479857103e-16,1.9999999999999993
[M]_sARG_biomass,0.0,-2.0000000000004547
[B]_sARG_biomass,0.0,-2.0
[M]_sHIS_biomass,0.0,-2.0
[B]_sHIS_biomass,0.0,-1.9999999999999716
[M]_sLYS_biomass,0.0,-1.9999999999998863
[B]_sLYS_biomass,0.0,-1.9999999999999716
[M]_sTHR_biomass,0.0,-2.0
[B]_sTHR_biomass,0.0,-1.9999999999999858
[M]_sASN_biomass,0.0,-2.0000000000001137
[B]_sASN_biomass,0.0,-2.0
[M]_sCYS_biomass,0.0,-2.0000000000002274
[B]_sCYS_biomass,0.0,-1.9999999999999716
[M]_sGLY_biomass,0.0,12269.96637138744
[B]_sGLY_biomass,0.0,1530.6479785448605
[M]_sPRO_biomass,0.0,-2.0
[B]_sPRO_biomass,0.0,-1.9999999999999858
[M]_sVAL_biomass,0.0,-1.9999999999998863
[B]_sVAL_biomass,0.0,-1.9999999999999858
[M]_sILE_biomass,0.0,-2.0
[B]_sILE_biomass,0.0,-1.9999999999999716
[M]_sLEU_biomass,0.0,-1.9999999999998863
[B]_sLEU_biomass,0.0,-2.0
[M]_sMET_biomass,0.0,-2.0
[B]_sMET_biomass,0.0,-2.0000000000000284
[M]_sPHE_biomass,0.0,-1.9999999999998863
[B]_sPHE_biomass,0.0,-2.0
[M]_sTYR_biomass,0.0,-2.0
[B]_sTYR_biomass,0.0,-2.0
[M]_sTRP_biomass,0.0,-1.9999999999999432
[B]_sTRP_biomass,0.0,-2.000000000000014
[M]_DIACYLGLYCEROL_O_ACYLTRANSFERASE_RXN_p,0.0,-2.0000000000000284
[B]_DIACYLGLYCEROL_O_ACYLTRANSFERASE_RXN_p,0.0,-1.999999999999993
[M]_CDPDIGLYSYN_RXN_p,0.0,-1.9999999999999964
[B]_CDPDIGLYSYN_RXN_p,0.0,-1.999999999999992
[M]_CDPDIGLYSYN_RXN_m,0.0,-1.9999999999999893
[B]_CDPDIGLYSYN_RXN_m,0.0,-2.0000000000000053
[M]_PHOSPHAGLYPSYN_RXN_p,0.0,-1.9999999999999218
[B]_PHOSPHAGLYPSYN_RXN_p,0.0,-2.000000000000009
[M]_PHOSPHAGLYPSYN_RXN_m,0.0,-2.0000000000000426
[B]_PHOSPHAGLYPSYN_RXN_m,0.0,-1.9999999999999893
[M]_PGPPHOSPHA_RXN_p,0.0,-2.0000000000000213
[B]_PGPPHOSPHA_RXN_p,0.0,-2.000000000000011
[M]_PGPPHOSPHA_RXN_m,0.0,-1.999999999999993
[B]_PGPPHOSPHA_RXN_m,0.0,-1.9999999999999987
[M]_2_PERIOD_3_PERIOD_1_PERIOD_23_RXN_p,0.0,1.9999999999999607
[B]_2_PERIOD_3_PERIOD_1_PERIOD_23_RXN_p,0.0,2.0000000000000044
[M]_PHOSPHOLIPASE_A2_RXN_c,0.0,-2.0
[B]_PHOSPHOLIPASE_A2_RXN_c,0.0,-1.9999999999999982
[M]_UDPGLUCEPIM_RXN_c,0.0,2.0000000000000004
[B]_UDPGLUCEPIM_RXN_c,0.0,1.1219999999999608
[M]_2_PERIOD_4_PERIOD_1_PERIOD_46_RXN_p,0.0,-1.9999999999999787
[B]_2_PERIOD_4_PERIOD_1_PERIOD_46_RXN_p,0.0,-2.0000000000000053
[M]_RXN_1225_p,0.0,-2.0000000000000355
[B]_RXN_1225_p,0.0,-1.999999999999977
[M]_RXN_9623_p,0.0,24.26556924527089
[B]_RXN_9623_p,0.0,23.881452366957475
[M]_RXN_9632_p,0.0,-1.9999999999999076
[B]_RXN_9632_p,0.0,-1.9999999999999911
[M]_RXN_9633_p,0.0,-2.0000000000001066
[B]_RXN_9633_p,0.0,-1.999999999999968
[M]_RXN_9634_p,0.0,-1.9999999999999485
[B]_RXN_9634_p,0.0,-2.0
[M]_RXN_9635_p,0.0,-1.999999999999865
[B]_RXN_9635_p,0.0,-2.000000000000007
[M]_RXN_9548_p,0.0,-2.000000000000256
[B]_RXN_9548_p,0.0,-2.000000000000009
[M]_palmitoyl_ACP_desaturase_p,0.0,-2.000000000000071
[B]_palmitoyl_ACP_desaturase_p,0.0,-2.0000000000000924
[M]_hexadecenoate_biosynthesis_p,0.0,-2.000000000000256
[B]_hexadecenoate_biosynthesis_p,0.0,-2.000000000000009
[M]_palmitoleoyl_ACP_desaturase_p,0.0,-1.9999999999998437
[B]_palmitoleoyl_ACP_desaturase_p,0.0,-1.9999999999999787
[M]_hexadecadienoate_biosynthesis_p,0.0,-2.000000000000256
[B]_hexadecadienoate_biosynthesis_p,0.0,-2.0000000000000657
[M]_hexadecadienoate_ACP_desaturase_p,0.0,-2.000000000000071
[B]_hexadecadienoate_ACP_desaturase_p,0.0,-2.0000000000000355
[M]_hexadecatrienoate_biosynthesis_p,0.0,-2.0000000000000284
[B]_hexadecatrienoate_biosynthesis_p,0.0,-2.000000000000009
[M]_RXN_7903_p,0.0,-2.000000000000071
[B]_RXN_7903_p,0.0,-2.0000000000000355
[M]_3_PERIOD_1_PERIOD_2_PERIOD_14_RXN_p,0.0,-2.0000000000000284
[B]_3_PERIOD_1_PERIOD_2_PERIOD_14_RXN_p,0.0,-2.0000000000000657
[M]_Oleoyl_ACP_desaturase_p,0.0,-1.9999999999998437
[B]_Oleoyl_ACP_desaturase_p,0.0,-2.0000000000000355
[M]_Octadecadienoyl_ACP_hydrolase_p,0.0,-2.0000000000000284
[B]_Octadecadienoyl_ACP_hydrolase_p,0.0,-2.000000000000009
[M]_Octadecadienoyl_ACP_desaturase_p,0.0,-1.9999999999998437
[B]_Octadecadienoyl_ACP_desaturase_p,0.0,-2.0000000000000355
[M]_Octadecatrienoyl_ACP_hydrolase_p,0.0,-2.000000000000256
[B]_Octadecatrienoyl_ACP_hydrolase_p,0.0,-2.000000000000009
[M]_RXN1G_368_p,0.0,-1.9999999999998508
[B]_RXN1G_368_p,0.0,-2.0000000000000195
[M]_RXN1G_349_p,0.0,-2.0000000000001066
[B]_RXN1G_349_p,0.0,-2.000000000000025
[M]_RXN1G_320_p,0.0,-1.9999999999997211
[B]_RXN1G_320_p,0.0,-2.0
[M]_RXN1G_395_p,0.0,-2.0000000000000924
[B]_RXN1G_395_p,0.0,-1.9999999999999503
[M]_RXN1G_445_p,0.0,-2.000000000000078
[B]_RXN1G_445_p,0.0,-2.0000000000000195
[M]_RXN1G_469_p,0.0,-2.0000000000001066
[B]_RXN1G_469_p,0.0,-1.999999999999968
[M]_RXN1G_363_p,0.0,-2.000000000000176
[B]_RXN1G_363_p,0.0,-2.0
[M]_RXN1G_488_p,0.0,-1.9999999999996376
[B]_RXN1G_488_p,0.0,-2.000000000000007
[M]_arachidate_biosynthesis_p,0.0,-2.0000000000000284
[B]_arachidate_biosynthesis_p,0.0,-2.000000000000009
[M]_docosanoate_biosynthesis_p,0.0,-2.000000000000483
[B]_docosanoate_biosynthesis_p,0.0,-2.000000000000009
[M]_Arachidoyl_ACP_desaturase_p,0.0,-2.000000000000071
[B]_Arachidoyl_ACP_desaturase_p,0.0,-2.0000000000000355
[M]_gadoleic_acid_biosynthesis_p,0.0,-1.999999999999801
[B]_gadoleic_acid_biosynthesis_p,0.0,-2.000000000000009
[M]_RXN_1223_p,0.0,-1.999999999999993
[B]_RXN_1223_p,0.0,-2.0000000000000018
[M]_RXN_1224_p,0.0,-1.999999999999993
[B]_RXN_1224_p,0.0,-2.0
[M]_GLUC1PURIDYLTRANS_RXN_p,0.0,1.9999999999999918
[B]_GLUC1PURIDYLTRANS_RXN_p,0.0,2.0000000000000018
[M]_LPG_biosynthesis_c,0.0,-2.000000000000014
[B]_LPG_biosynthesis_c,0.0,-1.9999999999999964
[M]_Fatty_Acids_pc,0.0,2.0
[B]_Fatty_Acids_pc,0.0,2.0
[M]_2_PERIOD_7_PERIOD_8_PERIOD_11_RXN_r,0.0,-1.999999999999929
[B]_2_PERIOD_7_PERIOD_8_PERIOD_11_RXN_r,0.0,-1.9999999999999964
[M]_PHE_NH4_Lyase_c,0.0,1.9999999999999147
[B]_PHE_NH4_Lyase_c,0.0,0.748000000000041
[M]_TRANS_CINNAMATE_4_MONOOXYGENASE_RXN_c,0.0,1123.2253590131468
[B]_TRANS_CINNAMATE_4_MONOOXYGENASE_RXN_c,0.0,211.81501517975408
[M]_RXN_8871_c,0.0,-2.000000000000007
[B]_RXN_8871_c,0.0,-1.9748811130618755
[M]_RXN_8872_c,0.0,-2.0000000000000036
[B]_RXN_8872_c,0.0,0.5980812301582952
[M]_RXN_8873_c,0.0,-2.0
[B]_RXN_8873_c,0.0,-2.0
[M]_4_COUMARATE_COA_LIGASE_RXN_c,0.0,124.04852571674523
[B]_4_COUMARATE_COA_LIGASE_RXN_c,0.0,29.051201264735685
[M]_2_PERIOD_3_PERIOD_1_PERIOD_133_RXN_c,0.0,457.5142853259639
[B]_2_PERIOD_3_PERIOD_1_PERIOD_133_RXN_c,0.0,87.92917135595526
[M]_RXN_2581_c,0.0,-2.000000000000014
[B]_RXN_2581_c,0.0,0.6498730442956873
[M]_RXN_2621_c,0.0,-1.9999999999999716
[B]_RXN_2621_c,0.0,-2.0
[M]_RXN_1103_c,0.0,-1.9999999999999716
[B]_RXN_1103_c,0.0,0.6498730442957406
[M]_RXN_1104_c,0.0,-1.6568056452767506
[B]_RXN_1104_c,0.0,-2.0
[M]_FERULIC_ACID_pc,0.0,2.00000000000002
[B]_FERULIC_ACID_pc,0.0,2.0000000000000018
[M]_RXN_1104_p,0.0,-1.9999999999999645
[B]_RXN_1104_p,0.0,1.691516815259518
[M]_VANILLIN_pc,0.0,-2.0000000000000027
[B]_VANILLIN_pc,0.0,-2.0000000000000004
[M]_6_PERIOD_2_PERIOD_1_PERIOD_34_RXN_p,0.0,-2.000000000000057
[B]_6_PERIOD_2_PERIOD_1_PERIOD_34_RXN_p,0.0,-1.9999999999999858
[M]_6_PERIOD_2_PERIOD_1_PERIOD_34_RXN_c,0.0,-2.0000000000001137
[B]_6_PERIOD_2_PERIOD_1_PERIOD_34_RXN_c,0.0,5.480126955704277
[M]_ACETOVANILLONE_SYNTHASE_c,0.0,474.86086140112803
[B]_ACETOVANILLONE_SYNTHASE_c,0.0,90.94853336080486
[M]_ACETOVANILLONE_HYDROXYLASE_c,0.0,-2.0
[B]_ACETOVANILLONE_HYDROXYLASE_c,0.0,1.196921948790568
[M]_ACETOSYRINGONE_BIOSYNTHESIS_c,0.0,-2.0000000000000036
[B]_ACETOSYRINGONE_BIOSYNTHESIS_c,0.0,-2.0000000000000004
[M]_RXN_1121_c,0.0,-2.0
[B]_RXN_1121_c,0.0,1.3978730442956624
[M]_RXN_3422_c,0.0,-1.999999999999999
[B]_RXN_3422_c,0.0,-1.9748811130618362
[M]_SYRINGALDEHYDE_BIOSYNTHESIS_c,0.0,-2.0
[B]_SYRINGALDEHYDE_BIOSYNTHESIS_c,0.0,-2.000000000000014
[M]_SYRINGICACID_BIOSYNTHESIS_c,0.0,-2.000000000000014
[B]_SYRINGICACID_BIOSYNTHESIS_c,0.0,1.4717539933915507
[M]_VANILLICACID_BIOSYNTHESIS_c,0.0,-2.000000000000014
[B]_VANILLICACID_BIOSYNTHESIS_c,0.0,1.7189302948898324
[M]_Maize_biomass_tx,0.0,79318.4306614956
[B]_Maize_biomass_tx,0.0,16784.755324028767
[M]_Arabidopsis_biomass_tx,0.0,-2.000000000010914
[B]_Arabidopsis_biomass_tx,0.0,-2.0000000000004547
[M]_PYR_MAL_pc,0.057407783991978496,-1.999999999999997
[B]_PYR_MAL_pc,9.085342172113154e-16,2.0000000000000044
[M]_Pyr_H_pc,3.0080489238196515,-2.000000000000024
[B]_Pyr_H_pc,0.0,0.5594194399129997
[M]_PPT_pc,1.5032369496126181,-1.9999999999999853
[B]_PPT_pc,-1.0208895539945765e-15,2.0000000000000138
[MB]_VAL_c,0.0,-2.0000000000000315
[MB]_GLYCEROL_3P_c,-0.08137136025254892,2.0000000000000564
[MB]_UREA_c,-3.4857664785757577e-34,1.999999999999978
[MB]_ACETOACETATE_c,0.0,2.000000000000031
[MB]_XYLULOSE_5_PHOSPHATE_c,1.8463423456466297e-16,1.999999999999992
[MB]_FORMATE_c,0.0,-1.9999999999999951
[MB]_GLN_c,0.0,2.0000000000000857
[MB]_aDELTA3_ISOPENTENYL_PP_c,0.0,2.0
[MB]_ALA_tRNAs_c,0.0,1.9999999999999354
[MB]_MET_tRNAs_c,0.0,1.9999999999998526
[MB]_MYO_INOSITOL_c,0.0,-2.0000000000000053
[MB]_PROPIONYL_COA_c,0.0,1.9999999999999738
[MB]_ISOBUTYRYL_COA_c,0.0,1.9999999999999856
[MB]_PHE_c,0.0,2.0000000000001097
[MB]_Charged_GLT_tRNAs_c,0.0,1.9999999999999447
[MB]_L_CITRULLINE_c,0.0,-2.000000000000059
[MB]_LYS_tRNAs_c,0.0,1.9999999999999771
[MB]_TYR_c,0.0,0.3221015905143594
[MB]_2_METHYL_3_HYDROXY_BUTYRYL_COA_c,0.0,-1.9999999999999443
[MB]_GLC_6_P_c,0.0,2.000000000000121
[MB]_SUCROSE_6P_c,0.0,2.0000000000000413
[MB]_Charged_GLN_tRNAs_c,0.0,2.000000000000178
[MB]_CPD_1777_c,0.0,1.9999999999999465
[MB]_2_METHYL_ACETO_ACETYL_COA_c,0.0,2.000000000000003
[MB]_PALMITATE_c,0.0,1.9999999999998983
[MB]_CONIFERYL_ALCOHOL_c,0.0,-2.0
[MB]_Charged_PHE_tRNAs_c,0.0,1.9999999999997957
[MB]_L_ALPHA_ALANINE_c,0.0,1.9999999999999745
[MB]_CPD_14927_c,0.0,1.9999999999997082
[MB]_GLT_tRNAs_c,0.0,2.0
[MB]_GLN_tRNAs_c,0.0,2.0
[MB]_CPD_5441_c,0.0,1.8473572743185376
[MB]_SER_c,-3.8128061087332784e-17,-2.000000000000008
[MB]_FeIII_c,0.0,-2.000000000000001
[MB]_NITRATE_c,0.0,-0.5631862304054298
[MB]_GAP_c,1.1584390517379468,-1.9999999999999039
[MB]_SUCROSE_c,0.0,-1.9999999999998737
[MB]_aPi_c,-1.1584390517379468,2.0000000000000218
[MB]_4_FUMARYL_ACETOACETATE_c,0.0,1.9999999999999705
[MB]_P_HYDROXY_PHENYLPYRUVATE_c,0.0,-2.0
[MB]_WATER_c,-14.143658215770937,2.0000000000000004
[MB]_Charged_TYR_tRNAs_c,0.0,2.000000000000017
[MB]_aL_GLUTAMATE_5_P_c,0.0,2.0
[MB]_MGII_c,-0.1338774468162408,1.9999999999999991
[MB]_PYRUVATE_c,-3.6064813455407094,1.9999999999999898
[MB]_ETOH_c,0.0,2.000000000000009
[MB]_GLUTACONYL_COA_c,0.0,-2.0000000000000213
[MB]_GLC_c,0.0,1.9999999999999398
[MB]_TRP_c,0.0,2.000000000000058
[MB]_GLT_c,0.8511590512963753,-1.9999999999999438
[MB]_LEU_tRNAs_c,0.0,2.0000000000001195
[MB]_Charged_CYS_tRNAs_c,0.0,2.0
[MB]_MANNITOL_1P_c,0.0,1.9999999999999132
[MB]_2_PG_c,0.0,1.9999999999999694
[MB]_Charged_ASN_tRNAs_c,0.0,2.0000000000002083
[MB]_3_HYDROXY_PROPIONATE_c,0.0,-1.9999999999999831
[MB]_RIBULOSE_5P_c,0.0,1.9999999999999125
[MB]_HIS_c,0.0,2.000000000000058
[MB]_GDP_MANNOSE_c,0.0,-2.000000000000045
[MB]_MAL_c,0.6775482512963752,-2.0000000000000138
[MB]_CPD_510_c,0.0,2.000000000000074
[MB]_Charged_HIS_tRNAs_c,0.0,1.999999999999874
[MB]_ASP_tRNAs_c,0.0,2.0000000000000804
[MB]_Charged_LEU_tRNAs_c,0.0,2.0
[MB]_aHS_c,0.0,-1.9999999999999958
[MB]_Charged_ALA_tRNAs_c,0.0,2.0
[MB]_FRU_c,0.0,1.9999999999999305
[MB]_aHOMOGENTISATE_c,0.0,2.0
[MB]_FRUCTOSE_6P_c,0.0,1.999999999999919
[MB]_METHYLENE_THF_c,-1.0047082084904792e-17,-2.000000000000001
[MB]_2K_ADIPATE_c,0.0,-1.9999999999999563
[MB]_L_ASPARTATE_c,-0.8511590512963754,1.9999999999999887
[MB]_MET_c,0.0,1.999999999999978
[MB]_MANNOSE_6P_c,0.0,-1.9999999999999918
[MB]_ETHANOL_AMINE_c,0.0,2.000000000000036
[MB]_UDP_GLUCURONATE_c,0.0,1.999999999999998
[MB]_ILE_c,0.0,-1.999999999999896
[MB]_CYS_c,0.0,-2.000000000000027
[MB]_2_KETOGLUTARATE_c,-1.0247698512963752,2.000000000000017
[MB]_FUM_c,0.0,-1.9999999999999785
[MB]_Protein_polymerisation_cost_c,0.0,2.000000000000001
[MB]_Charged_THR_tRNAs_c,0.0,2.000000000000059
[MB]_VAL_tRNAs_c,0.0,1.9999999999999283
[MB]_CIS_ACONITATE_c,0.0,2.0000000000000107
[MB]_Charged_ASP_tRNAs_c,0.0,2.0
[MB]_4_MALEYL_ACETOACETATE_c,0.0,2.0000000000000675
[MB]_UDP_D_XYLOSE_c,0.0,2.0
[MB]_CAII_c,-0.20312440206602064,1.9999999999999991
[MB]_aP_HYDROXY_PHENYLPYRUVATE_c,0.0,-1.9999999999994835
[MB]_Pi_c,-2.7030244540552095,2.0
[MB]_TYR_tRNAs_c,0.0,2.0
[MB]_CPD_468_c,0.0,-1.9999999999999896
[MB]_aDTTP_c,0.0,2.0
[MB]_Charged_ILE_tRNAs_c,0.0,1.9999999999998888
[MB]_DTTP_c,0.0,2.0
[MB]_1_L_MYO_INOSITOL_1_P_c,0.0,1.9999999999999567
[MB]_SULFATE_c,-0.02508676648636381,1.9999999999999956
[MB]_GLC_1_P_c,0.0,-2.000000000000015
[MB]_NITRITE_c,-1.7546159427817725,1.9999999999999951
[MB]_GDP_D_GLUCOSE_c,0.0,1.999999999999997
[MB]_OXYGEN_MOLECULE_c,0.08680540000000002,-2.0
[MB]_ARG_c,3.485766478575758e-34,-1.999999999999949
[MB]_ARG_tRNAs_c,0.0,2.000000000000032
[MB]_HOMOGENTISATE_c,0.0,2.000000000000027
[MB]_Charged_PRO_tRNAs_c,0.0,2.0
[MB]_PRO_tRNAs_c,0.0,2.0
[MB]_CIT_c,0.0,-2.000000000000008
[MB]_aPHOSPHORYL_ETHANOLAMINE_c,0.0,2.0
[MB]_HYDROGEN_PEROXIDE_c,0.0,2.0
[MB]_Charged_VAL_tRNAs_c,0.0,2.0
[MB]_HIS_tRNAs_c,0.0,2.0
[MB]_GLYCERATE_c,0.0,1.9999999999999876
[MB]_PHOSPHORYL_CHOLINE_c,0.0,2.0
[MB]_ACETYL_COA_c,0.0,-2.0
[MB]_ASN_tRNAs_c,0.0,2.0
[MB]_GLY_tRNAs_c,0.0,-2.0
[MB]_CYS_tRNAs_c,0.0,2.0
[MB]_aCPD_5441_c,0.0,2.0
[MB]_Charged_LYS_tRNAs_c,0.0,2.0
[MB]_CPD_2961_c,0.0,-0.21766721245271203
[MB]_SER_tRNAs_c,0.0,2.000000000000058
[MB]_Charged_MET_tRNAs_c,0.0,2.0
[MB]_G3P_c,-1.1584390517379473,1.9999999999999758
[MB]_Heteroglycans_c,0.0,-1.999999999999966
[MB]_MANNOSE_1P_c,0.0,2.0
[MB]_THR_c,0.0,-2.000000000000015
[MB]_aCPD_406_c,0.0,2.0000000000000004
[MB]_aPPI_c,0.0,2.0
[MB]_ACRYLYL_COA_c,0.0,2.0
[MB]_MANNITOL_c,0.0,1.9999999999999338
[MB]_DIHYDROXY_ACETONE_PHOSPHATE_c,0.0813713602525489,-2.000000000000003
[MB]_KI_c,-0.41548173149867845,1.999999999999997
[MB]_XYLAN_c,0.0,1.9999999999999611
[MB]_THR_tRNAs_c,0.0,2.0
[MB]_DTDP_c,0.0,2.0
[MB]_4_AMINO_BUTYRATE_c,0.0,1.999999999999943
[MB]_CPD_406_c,0.0,2.0
[MB]_Protein_processing_cost_c,0.0,2.0
[MB]_Charged_GLY_tRNAs_c,0.0,2.000000000000011
[MB]_THREO_DS_ISO_CITRATE_c,0.17361080000000007,-1.9999999999999685
[MB]_SACCHAROPINE_c,0.0,2.0000000000000253
[MB]_TRP_tRNAs_c,0.0,2.0
[MB]_SUC_c,0.0,2.0000000000000013
[MB]_Charged_ARG_tRNAs_c,0.0,2.0
[MB]_10_FORMYL_THF_c,0.0,2.0
[MB]_PRO_c,-2.9589034960622617e-18,-1.999999999999923
[MB]_Charged_TRP_tRNAs_c,0.0,2.0
[MB]_aPHOSPHORYL_CHOLINE_c,0.0,2.0
[MB]_SUPER_OXIDE_c,0.0,-2.0000000000000036
[MB]_GLUCURONATE_c,0.0,1.9999999999999767
[MB]_D_6_P_GLUCONO_DELTA_LACTONE_c,0.0,1.999999999999961
[MB]_AMMONIUM_c,0.0,1.9999999999999962
[MB]_PHE_tRNAs_c,0.0,2.0
[MB]_ALLYSINE_c,0.0,2.0000000000000453
[MB]_ILE_tRNAs_c,0.0,2.0
[MB]_MANNOSE_c,0.0,1.9999999999999372
[MB]_Protein_tranlocation_cost_c,0.0,1.9999999999999987
[MB]_GLYCOLLATE_c,0.0,-2.0000000000000018
[MB]_DELTA3_ISOPENTENYL_PP_c,0.0,2.0
[MB]_LEU_c,0.0,2.000000000000025
[MB]_ASN_c,0.0,1.9999999999999798
[MB]_FeII_c,0.0,2.0
[MB]_PHOSPHO_ENOL_PYRUVATE_c,3.78009214554071,-1.9999999999999758
[MB]_LYS_c,0.0,1.9999999999998892
[MB]_GLY_c,0.0,2.0000000000000484
[MB]_PHOSPHORYL_ETHANOLAMINE_c,0.0,2.0
[MB]_L_ORNITHINE_c,0.0,2.000000000000044
[MB]_Charged_SER_tRNAs_c,0.0,2.0
[MB]_CPD_14553_c,0.0,2.0000000000000013
[MB]_Fatty_Acids_c,0.0,2.0
[MB]_CPD_674_c,0.0,2.000000000000083
[MB]_COUMARATE_c,0.0,1.9999999999999607
[MB]_4_HYDROXYBENZALDEHYDE_c,0.0,2.0000000000000018
[MB]_a4_HYDROXYBENZALDEHYDE_c,0.0,2.0000000000000053
[MB]_CPD_7616_c,0.0,-2.0
[MB]_aCPD_7616_c,0.0,2.0
[MB]_VANILLIN_c,0.0,-2.000000000000001
[MB]_aVANILLIN_c,0.0,1.3951852914098684
[MB]_P_COUMAROYL_COA_c,0.0,2.0
[MB]_CPD_412_c,0.0,2.0000000000000013
[MB]_CAFFEOYLSHIKIMATE_c,0.0,-2.0
[MB]_CAFFEOYL_COA_c,0.0,2.0000000000000093
[MB]_CPD_676_c,0.0,-1.9999999999999873
[MB]_FERULIC_ACID_c,0.0,2.0000000000000173
[MB]_FERULOYL_COA_c,0.0,1.999999999999996
[MB]_ACETOVANILLONE_c,0.0,2.000000000000004
[MB]_aACETOVANILLONE_c,0.0,2.0
[MB]_5_HYDROXY_ACETOVANILLONE_c,0.0,0.5244536517458971
[MB]_a5_HYDROXY_ACETOVANILLONE_c,0.0,2.0
[MB]_ACETOSYRINGONE_c,0.0,2.0000000000000027
[MB]_aACETOSYRINGONE_c,0.0,2.0
[MB]_5_HYDROXY_FERULIC_ACID_c,0.0,1.999999999999998
[MB]_SINAPATE_c,0.0,1.9999999999999978
[MB]_SYRINGALDEHYDE_c,0.0,2.0
[MB]_aSYRINGALDEHYDE_c,0.0,2.0
[MB]_SYRINGIC_ACID_c,0.0,1.9999999999999996
[MB]_VANILLIC_ACID_c,0.0,1.999999999999996
[MB]_SHIKIMATE_c,0.0,2.0
[B]_CO2_pc_Ex,0.0,2.0
[B]_RIBULOSE_BISPHOSPHATE_CARBOXYLASE_RXN_p_Ex,0.0,15.730838957165169
[MB]_CO2_c,0.0,2.0
